"Data";"Hora (UTC)";"Temp. Ins. (C)";"Temp. Max. (C)";"Temp. Min. (C)";"Umi. Ins. (%)";"Umi. Max. (%)";"Umi. Min. (%)";"Pto Orvalho Ins. (C)";"Pto Orvalho Max. (C)";"Pto Orvalho Min. (C)";"Pressao Ins. (hPa)";"Pressao Max. (hPa)";"Pressao Min. (hPa)";"Vel. Vento (m/s)";"Dir. Vento (m/s)";"Raj. Vento (m/s)";"Radiacao (KJ/m²)";"Chuva (mm)"
"01/09/2025";"0000";"23,8";"24,8";"23,6";"32,0";"33,0";"29,0";"6,3";"6,3";"5,3";"943,3";"943,3";"942,7";"3,5";"102,0";"7,8";"";"0,0"
"01/09/2025";"0100";"21,1";"23,8";"20,9";"43,0";"43,0";"32,0";"7,9";"7,9";"6,3";"943,9";"943,9";"943,3";"1,5";"168,0";"7,5";"";"0,0"
"01/09/2025";"0200";"19,9";"21,1";"19,9";"63,0";"63,0";"43,0";"12,6";"12,6";"8,0";"944,3";"944,3";"943,9";"1,7";"162,0";"6,0";"";"0,0"
"01/09/2025";"0300";"18,9";"19,9";"18,9";"70,0";"70,0";"63,0";"13,4";"13,4";"12,6";"944,6";"944,6";"944,3";"1,8";"163,0";"7,1";"";"0,0"
"01/09/2025";"0400";"18,1";"18,9";"18,0";"76,0";"76,0";"70,0";"13,8";"13,8";"13,3";"944,6";"944,6";"944,5";"2,2";"159,0";"6,6";"";"0,0"
"01/09/2025";"0500";"17,4";"18,1";"17,3";"82,0";"82,0";"76,0";"14,2";"14,2";"13,8";"944,6";"944,7";"944,5";"2,3";"155,0";"6,8";"";"0,0"
"01/09/2025";"0600";"17,0";"17,6";"17,0";"85,0";"85,0";"80,0";"14,5";"14,5";"14,0";"944,5";"944,7";"944,5";"2,3";"158,0";"7,3";"";"0,0"
"01/09/2025";"0700";"16,6";"17,1";"16,3";"92,0";"100,0";"84,0";"15,3";"16,3";"14,3";"944,1";"944,5";"944,0";"2,6";"137,0";"6,7";"";"0,0"
"01/09/2025";"0800";"16,6";"16,7";"16,3";"89,0";"100,0";"89,0";"14,8";"16,2";"14,8";"943,5";"944,0";"943,5";"3,3";"119,0";"8,9";"";"0,0"
"01/09/2025";"0900";"16,5";"16,7";"16,4";"88,0";"92,0";"86,0";"14,4";"15,1";"14,3";"943,7";"943,8";"943,4";"3,5";"99,0";"9,4";"";"0,0"
"01/09/2025";"1000";"16,6";"16,6";"16,4";"84,0";"89,0";"84,0";"13,9";"14,5";"13,9";"944,3";"944,3";"943,7";"2,9";"103,0";"8,9";"4,40";"0,0"
"01/09/2025";"1100";"18,0";"18,0";"16,5";"74,0";"84,0";"74,0";"13,3";"13,9";"13,3";"945,1";"945,1";"944,3";"4,3";"113,0";"9,6";"408,10";"0,0"
"01/09/2025";"1200";"20,5";"20,5";"18,0";"61,0";"74,0";"61,0";"12,8";"13,4";"12,8";"945,5";"945,7";"945,1";"4,8";"100,0";"11,1";"1261,10";"0,0"
"01/09/2025";"1300";"23,4";"23,6";"20,4";"49,0";"61,0";"49,0";"12,1";"12,8";"12,0";"946,5";"946,7";"945,4";"3,5";"98,0";"12,2";"1999,30";"0,0"
"01/09/2025";"1400";"25,2";"25,3";"23,3";"42,0";"49,0";"42,0";"11,3";"12,2";"11,1";"946,1";"946,6";"946,1";"3,8";"75,0";"9,2";"2627,40";"0,0"
"01/09/2025";"1500";"26,1";"27,3";"25,0";"39,0";"43,0";"37,0";"11,0";"11,9";"10,6";"945,3";"946,1";"945,3";"3,0";"78,0";"9,1";"2784,10";"0,0"
"01/09/2025";"1600";"28,0";"28,6";"26,1";"32,0";"39,0";"32,0";"9,7";"11,5";"9,7";"944,7";"945,3";"944,6";"3,1";"70,0";"7,5";"2934,90";"0,0"
"01/09/2025";"1700";"29,7";"29,7";"28,0";"27,0";"33,0";"27,0";"8,7";"10,1";"8,2";"943,8";"944,7";"943,8";"2,8";"63,0";"6,6";"2958,80";"0,0"
"01/09/2025";"1800";"29,6";"29,8";"28,3";"27,0";"29,0";"26,0";"8,8";"9,1";"7,8";"943,1";"943,9";"943,1";"1,5";"52,0";"6,5";"2073,30";"0,0"
"01/09/2025";"1900";"29,1";"29,8";"29,0";"25,0";"27,0";"24,0";"7,2";"8,4";"7,0";"943,0";"943,1";"942,9";"1,8";"51,0";"5,1";"1433,10";"0,0"
"01/09/2025";"2000";"29,3";"29,4";"28,5";"26,0";"28,0";"25,0";"7,9";"8,5";"7,3";"943,0";"943,1";"943,0";"2,0";"102,0";"4,8";"862,50";"0,0"
"01/09/2025";"2100";"27,7";"29,4";"27,7";"28,0";"28,0";"25,0";"7,3";"7,7";"6,8";"943,3";"943,3";"943,0";"1,1";"112,0";"5,0";"460,10";"0,0"
"01/09/2025";"2200";"25,3";"27,7";"25,3";"34,0";"34,0";"28,0";"8,1";"8,1";"7,4";"943,4";"943,5";"943,2";"0,8";"113,0";"2,4";"20,80";"0,0"
"01/09/2025";"2300";"24,9";"25,2";"24,5";"34,0";"35,0";"33,0";"7,9";"8,3";"7,7";"943,7";"943,7";"943,4";"0,8";"100,0";"2,2";"";"0,0"
"02/09/2025";"0000";"24,5";"25,4";"24,2";"34,0";"36,0";"33,0";"7,7";"8,0";"7,7";"944,1";"944,1";"943,6";"0,6";"85,0";"2,6";"";"0,0"
"02/09/2025";"0100";"22,4";"24,5";"22,0";"45,0";"45,0";"34,0";"9,7";"9,8";"7,5";"944,7";"944,7";"944,1";"1,4";"160,0";"4,1";"";"0,0"
"02/09/2025";"0200";"20,8";"22,4";"20,7";"63,0";"64,0";"45,0";"13,5";"13,6";"9,8";"944,8";"944,9";"944,7";"1,5";"161,0";"5,8";"";"0,0"
"02/09/2025";"0300";"20,2";"21,1";"20,2";"71,0";"71,0";"63,0";"14,8";"14,8";"13,6";"945,1";"945,4";"944,8";"2,9";"132,0";"6,9";"";"0,0"
"02/09/2025";"0400";"19,2";"20,2";"19,2";"76,0";"76,0";"71,0";"14,9";"15,0";"14,7";"945,0";"945,3";"944,9";"1,8";"141,0";"8,1";"";"0,0"
"02/09/2025";"0500";"18,7";"19,4";"18,7";"78,0";"78,0";"76,0";"14,9";"15,0";"14,9";"944,3";"945,0";"944,2";"3,3";"130,0";"8,1";"";"0,0"
"02/09/2025";"0600";"18,2";"18,8";"18,1";"82,0";"82,0";"78,0";"15,0";"15,1";"14,9";"944,0";"944,4";"944,0";"2,1";"146,0";"8,1";"";"0,0"
"02/09/2025";"0700";"17,7";"18,3";"17,7";"84,0";"84,0";"81,0";"15,0";"15,0";"14,8";"943,6";"944,0";"943,5";"2,3";"117,0";"6,6";"";"0,0"
"02/09/2025";"0800";"17,5";"17,8";"17,4";"88,0";"89,0";"83,0";"15,6";"15,7";"15,0";"943,3";"943,7";"943,3";"3,0";"102,0";"6,8";"";"0,0"
"02/09/2025";"0900";"17,5";"17,6";"17,3";"85,0";"90,0";"84,0";"14,9";"15,8";"14,8";"943,8";"943,9";"943,3";"2,8";"109,0";"7,7";"";"0,0"
"02/09/2025";"1000";"17,4";"17,6";"17,3";"86,0";"87,0";"84,0";"15,0";"15,2";"14,8";"944,6";"944,6";"943,9";"3,0";"101,0";"7,3";"6,70";"0,0"
"02/09/2025";"1100";"18,8";"18,9";"17,4";"76,0";"86,0";"75,0";"14,4";"14,9";"14,3";"945,6";"945,6";"944,6";"3,1";"113,0";"7,1";"355,40";"0,0"
"02/09/2025";"1200";"20,5";"20,6";"18,7";"65,0";"77,0";"65,0";"13,8";"14,5";"13,8";"946,1";"946,2";"945,6";"3,9";"110,0";"8,3";"836,40";"0,0"
"02/09/2025";"1300";"22,4";"22,4";"20,4";"55,0";"66,0";"55,0";"12,9";"14,2";"12,7";"946,6";"946,7";"946,1";"3,7";"83,0";"9,4";"1183,20";"0,0"
"02/09/2025";"1400";"24,1";"24,3";"22,4";"49,0";"55,0";"48,0";"12,7";"13,1";"12,3";"946,5";"946,7";"946,4";"3,0";"64,0";"8,4";"1785,90";"0,0"
"02/09/2025";"1500";"25,3";"25,9";"23,9";"43,0";"50,0";"42,0";"11,7";"13,0";"11,7";"945,8";"946,6";"945,8";"3,6";"74,0";"8,5";"2272,90";"0,0"
"02/09/2025";"1600";"28,0";"28,1";"25,1";"36,0";"44,0";"34,0";"11,3";"12,3";"10,8";"944,8";"945,8";"944,8";"3,3";"80,0";"8,5";"2701,10";"0,0"
"02/09/2025";"1700";"27,6";"28,0";"26,7";"34,0";"37,0";"33,0";"10,3";"11,4";"9,7";"944,0";"944,9";"943,9";"2,8";"82,0";"7,9";"2030,60";"0,0"
"02/09/2025";"1800";"27,7";"28,3";"27,4";"31,0";"34,0";"30,0";"9,2";"10,0";"8,9";"943,0";"944,0";"943,0";"3,3";"72,0";"7,6";"2054,00";"0,0"
"02/09/2025";"1900";"28,0";"28,6";"27,4";"29,0";"32,0";"27,0";"8,2";"9,8";"7,4";"942,6";"943,1";"942,6";"3,0";"80,0";"8,7";"1857,80";"0,0"
"02/09/2025";"2000";"27,5";"28,6";"27,5";"29,0";"31,0";"28,0";"7,9";"8,8";"7,9";"942,6";"942,7";"942,5";"2,8";"85,0";"7,2";"1333,40";"0,0"
"02/09/2025";"2100";"26,4";"27,5";"26,3";"31,0";"32,0";"29,0";"8,0";"8,2";"7,6";"942,6";"942,7";"942,4";"2,3";"75,0";"7,3";"422,90";"0,0"
"02/09/2025";"2200";"24,9";"26,4";"24,9";"35,0";"35,0";"31,0";"8,3";"8,3";"8,0";"942,8";"942,9";"942,6";"0,9";"63,0";"5,0";"14,90";"0,0"
"02/09/2025";"2300";"24,1";"24,9";"23,9";"37,0";"37,0";"35,0";"8,4";"8,6";"8,2";"943,0";"943,0";"942,8";"1,2";"100,0";"3,5";"";"0,0"
"03/09/2025";"0000";"24,0";"24,2";"23,4";"37,0";"39,0";"36,0";"8,3";"8,8";"8,1";"943,2";"943,2";"942,9";"2,0";"97,0";"4,6";"";"0,0"
"03/09/2025";"0100";"23,3";"24,0";"23,3";"41,0";"41,0";"37,0";"9,3";"9,3";"8,3";"943,7";"943,7";"943,2";"1,8";"87,0";"4,7";"";"0,0"
"03/09/2025";"0200";"23,3";"23,6";"23,1";"40,0";"42,0";"40,0";"9,0";"9,6";"9,0";"943,9";"944,1";"943,7";"2,6";"82,0";"5,4";"";"0,0"
"03/09/2025";"0300";"23,1";"23,5";"23,1";"41,0";"41,0";"40,0";"9,0";"9,1";"9,0";"943,6";"943,9";"943,6";"2,8";"80,0";"5,9";"";"0,0"
"03/09/2025";"0400";"22,4";"23,1";"22,4";"46,0";"46,0";"41,0";"10,1";"10,1";"9,0";"943,2";"943,6";"943,1";"3,5";"84,0";"6,8";"";"0,0"
"03/09/2025";"0500";"21,8";"22,6";"21,7";"48,0";"48,0";"45,0";"10,2";"10,2";"10,1";"943,2";"943,3";"943,1";"3,2";"90,0";"7,3";"";"0,0"
"03/09/2025";"0600";"20,6";"21,8";"20,6";"54,0";"54,0";"48,0";"11,1";"11,1";"10,2";"942,5";"943,2";"942,5";"3,9";"87,0";"7,7";"";"0,0"
"03/09/2025";"0700";"20,1";"20,6";"19,9";"57,0";"58,0";"54,0";"11,3";"11,3";"11,1";"942,3";"942,5";"942,2";"3,1";"87,0";"7,1";"";"0,0"
"03/09/2025";"0800";"20,1";"20,5";"20,1";"57,0";"57,0";"55,0";"11,2";"11,3";"11,2";"942,2";"942,3";"942,1";"3,4";"81,0";"7,5";"";"0,0"
"03/09/2025";"0900";"19,8";"20,2";"19,8";"58,0";"58,0";"56,0";"11,2";"11,3";"11,2";"942,4";"942,5";"942,1";"4,0";"75,0";"9,0";"";"0,0"
"03/09/2025";"1000";"19,7";"19,9";"19,6";"57,0";"58,0";"57,0";"11,0";"11,3";"11,0";"943,3";"943,5";"942,4";"4,0";"72,0";"9,6";"9,30";"0,0"
"03/09/2025";"1100";"21,0";"21,0";"19,7";"53,0";"57,0";"53,0";"11,0";"11,1";"10,9";"944,4";"944,4";"943,3";"4,0";"73,0";"9,1";"477,10";"0,0"
"03/09/2025";"1200";"22,1";"22,2";"20,9";"50,0";"53,0";"49,0";"11,1";"11,3";"10,8";"945,3";"945,4";"944,3";"4,3";"61,0";"10,2";"1091,10";"0,0"
"03/09/2025";"1300";"24,2";"24,2";"22,1";"44,0";"50,0";"44,0";"11,1";"11,3";"10,8";"945,4";"945,4";"945,2";"3,8";"64,0";"10,5";"1998,30";"0,0"
"03/09/2025";"1400";"25,9";"26,2";"24,1";"39,0";"44,0";"38,0";"10,7";"11,3";"10,5";"945,2";"945,4";"945,1";"3,4";"45,0";"9,5";"2618,70";"0,0"
"03/09/2025";"1500";"26,9";"27,4";"25,8";"35,0";"39,0";"34,0";"10,0";"11,2";"9,9";"944,5";"945,2";"944,5";"3,8";"34,0";"9,6";"2997,80";"0,0"
"03/09/2025";"1600";"28,5";"29,1";"26,9";"31,0";"35,0";"30,0";"9,8";"10,6";"9,6";"943,6";"944,5";"943,5";"3,2";"36,0";"8,4";"3118,10";"0,0"
"03/09/2025";"1700";"29,9";"30,1";"28,4";"28,0";"33,0";"28,0";"9,4";"10,7";"8,4";"942,5";"943,6";"942,5";"2,8";"16,0";"7,6";"2969,50";"0,0"
"03/09/2025";"1800";"30,4";"30,4";"28,9";"26,0";"29,0";"26,0";"9,0";"9,5";"8,2";"941,8";"942,6";"941,8";"2,7";"43,0";"7,4";"2542,70";"0,0"
"03/09/2025";"1900";"29,8";"30,7";"29,3";"26,0";"27,0";"25,0";"8,2";"9,0";"7,7";"941,4";"941,8";"941,3";"2,4";"5,0";"7,4";"2110,80";"0,0"
"03/09/2025";"2000";"29,2";"30,4";"29,1";"27,0";"27,0";"25,0";"8,1";"8,6";"7,7";"941,1";"941,4";"941,1";"2,2";"54,0";"7,1";"1172,20";"0,0"
"03/09/2025";"2100";"28,1";"29,2";"28,0";"29,0";"29,0";"27,0";"8,2";"8,3";"7,9";"941,3";"941,4";"941,0";"1,8";"34,0";"5,2";"363,70";"0,0"
"03/09/2025";"2200";"26,9";"28,1";"26,9";"31,0";"31,0";"29,0";"8,4";"8,4";"8,2";"941,5";"941,7";"941,3";"1,4";"42,0";"4,1";"12,60";"0,0"
"03/09/2025";"2300";"25,6";"26,9";"25,6";"34,0";"34,0";"31,0";"8,6";"8,6";"8,3";"941,7";"941,8";"941,4";"0,9";"37,0";"2,8";"";"0,0"
"04/09/2025";"0000";"25,4";"25,8";"25,3";"34,0";"35,0";"34,0";"8,6";"8,7";"8,5";"942,0";"942,1";"941,7";"1,1";"36,0";"2,7";"";"0,0"
"04/09/2025";"0100";"25,1";"25,4";"24,9";"35,0";"36,0";"34,0";"8,4";"8,7";"8,4";"942,5";"942,6";"942,0";"1,0";"33,0";"2,9";"";"0,0"
"04/09/2025";"0200";"25,0";"25,3";"25,0";"34,0";"35,0";"34,0";"8,2";"8,5";"8,2";"942,7";"942,9";"942,4";"1,3";"69,0";"3,4";"";"0,0"
"04/09/2025";"0300";"24,3";"25,3";"24,3";"35,0";"35,0";"33,0";"7,7";"8,2";"7,6";"942,9";"942,9";"942,7";"3,0";"77,0";"6,9";"";"0,0"
"04/09/2025";"0400";"23,1";"24,3";"23,1";"39,0";"39,0";"35,0";"8,3";"8,3";"7,8";"942,5";"942,9";"942,5";"2,8";"56,0";"7,4";"";"0,0"
"04/09/2025";"0500";"22,4";"23,0";"22,4";"42,0";"42,0";"39,0";"8,8";"8,8";"8,3";"942,0";"942,5";"942,0";"2,9";"59,0";"6,8";"";"0,0"
"04/09/2025";"0600";"21,7";"22,4";"21,7";"45,0";"45,0";"42,0";"9,4";"9,4";"8,8";"941,5";"942,0";"941,5";"3,0";"59,0";"7,2";"";"0,0"
"04/09/2025";"0700";"21,1";"21,8";"21,1";"48,0";"48,0";"45,0";"9,7";"9,7";"9,4";"941,2";"941,6";"941,2";"2,8";"55,0";"7,7";"";"0,0"
"04/09/2025";"0800";"20,9";"21,2";"20,9";"49,0";"49,0";"48,0";"9,8";"9,8";"9,7";"941,3";"941,3";"941,2";"3,0";"58,0";"7,1";"";"0,0"
"04/09/2025";"0900";"20,4";"21,0";"20,4";"51,0";"51,0";"49,0";"10,0";"10,0";"9,8";"941,3";"941,5";"941,3";"3,3";"59,0";"7,3";"";"0,0"
"04/09/2025";"1000";"20,0";"20,4";"20,0";"53,0";"53,0";"51,0";"10,2";"10,2";"10,0";"942,3";"942,5";"941,3";"3,3";"60,0";"8,9";"10,10";"0,0"
"04/09/2025";"1100";"20,7";"20,7";"20,0";"51,0";"53,0";"51,0";"10,1";"10,2";"10,0";"943,0";"943,0";"942,3";"3,4";"55,0";"8,2";"364,10";"0,0"
"04/09/2025";"1200";"22,2";"22,3";"20,6";"46,0";"51,0";"45,0";"9,9";"10,2";"9,9";"943,6";"943,7";"943,0";"4,0";"46,0";"8,7";"934,30";"0,0"
"04/09/2025";"1300";"24,0";"24,1";"22,2";"41,0";"46,0";"41,0";"10,1";"10,1";"9,8";"944,2";"944,3";"943,6";"3,7";"32,0";"9,7";"2061,20";"0,0"
"04/09/2025";"1400";"25,8";"26,1";"24,0";"36,0";"41,0";"36,0";"9,8";"10,2";"9,7";"944,2";"944,3";"944,1";"3,6";"26,0";"9,9";"2470,10";"0,0"
"04/09/2025";"1500";"27,7";"28,0";"25,7";"32,0";"37,0";"31,0";"9,3";"10,2";"8,9";"943,3";"944,2";"943,3";"3,2";"29,0";"8,4";"2789,60";"0,0"
"04/09/2025";"1600";"29,0";"29,3";"27,7";"27,0";"31,0";"27,0";"8,2";"9,3";"8,2";"942,5";"943,5";"942,5";"3,4";"10,0";"8,9";"3054,60";"0,0"
"04/09/2025";"1700";"30,4";"30,9";"29,0";"22,0";"28,0";"18,0";"6,5";"9,0";"4,0";"941,2";"942,5";"941,2";"2,7";"13,0";"7,6";"3087,60";"0,0"
"04/09/2025";"1800";"30,7";"31,2";"29,7";"20,0";"23,0";"19,0";"5,5";"6,4";"4,6";"940,4";"941,3";"940,3";"2,0";"40,0";"6,7";"2675,30";"0,0"
"04/09/2025";"1900";"29,9";"31,4";"29,9";"21,0";"21,0";"19,0";"4,9";"5,8";"4,3";"940,0";"940,4";"940,0";"1,5";"16,0";"6,5";"1682,10";"0,0"
"04/09/2025";"2000";"29,3";"30,4";"29,3";"21,0";"22,0";"20,0";"4,4";"5,2";"4,2";"940,3";"940,4";"940,0";"1,8";"12,0";"4,7";"835,10";"0,0"
"04/09/2025";"2100";"28,5";"29,3";"28,5";"21,0";"21,0";"20,0";"3,9";"4,5";"3,5";"940,7";"940,8";"940,3";"1,7";"52,0";"4,6";"268,80";"0,0"
"04/09/2025";"2200";"27,2";"28,5";"27,2";"24,0";"24,0";"20,0";"4,6";"4,6";"3,7";"940,8";"940,8";"940,7";"1,4";"35,0";"4,1";"50,60";"0,0"
"04/09/2025";"2300";"26,2";"27,2";"26,1";"25,0";"26,0";"24,0";"4,9";"4,9";"4,6";"941,2";"941,2";"940,8";"1,2";"24,0";"3,5";"";"0,0"
"05/09/2025";"0000";"26,1";"26,3";"25,9";"25,0";"26,0";"25,0";"4,7";"5,0";"4,7";"941,6";"941,6";"941,2";"1,4";"35,0";"3,2";"";"0,0"
"05/09/2025";"0100";"25,6";"26,1";"25,6";"27,0";"27,0";"25,0";"5,1";"5,1";"4,7";"941,8";"942,0";"941,5";"1,3";"38,0";"3,6";"";"0,0"
"05/09/2025";"0200";"25,6";"25,8";"25,4";"26,0";"27,0";"26,0";"4,8";"5,1";"4,8";"941,9";"941,9";"941,8";"1,5";"38,0";"3,5";"";"0,0"
"05/09/2025";"0300";"25,0";"25,6";"25,0";"27,0";"27,0";"26,0";"4,7";"4,9";"4,6";"941,9";"942,1";"941,9";"1,2";"30,0";"3,2";"";"0,0"
"05/09/2025";"0400";"25,0";"25,1";"24,8";"26,0";"28,0";"26,0";"4,4";"4,8";"4,4";"941,6";"942,0";"941,6";"1,2";"35,0";"3,2";"";"0,0"
"05/09/2025";"0500";"24,7";"25,0";"24,3";"27,0";"28,0";"26,0";"4,5";"4,7";"4,4";"941,0";"941,7";"941,0";"1,4";"31,0";"3,0";"";"0,0"
"05/09/2025";"0600";"24,5";"24,7";"24,3";"27,0";"28,0";"27,0";"4,5";"4,7";"4,4";"940,2";"941,0";"940,2";"1,3";"32,0";"3,6";"";"0,0"
"05/09/2025";"0700";"24,2";"24,4";"23,9";"28,0";"28,0";"27,0";"4,4";"4,5";"4,3";"939,6";"940,2";"939,6";"1,5";"33,0";"3,5";"";"0,0"
"05/09/2025";"0800";"23,4";"24,2";"23,4";"30,0";"30,0";"28,0";"4,7";"4,7";"4,4";"939,6";"939,6";"939,3";"2,5";"63,0";"5,4";"";"0,0"
"05/09/2025";"0900";"22,6";"23,4";"22,5";"32,0";"32,0";"30,0";"5,1";"5,1";"4,7";"940,2";"940,2";"939,5";"2,5";"56,0";"7,5";"";"0,0"
"05/09/2025";"1000";"21,6";"22,6";"21,5";"36,0";"36,0";"32,0";"5,7";"5,7";"5,1";"940,9";"941,0";"940,2";"2,7";"49,0";"6,4";"8,30";"0,0"
"05/09/2025";"1100";"22,7";"22,8";"21,6";"35,0";"36,0";"35,0";"6,6";"6,6";"5,7";"941,6";"941,8";"940,9";"2,5";"49,0";"6,5";"442,00";"0,0"
"05/09/2025";"1200";"24,0";"24,1";"22,7";"34,0";"36,0";"33,0";"7,0";"7,2";"6,6";"942,2";"942,2";"941,6";"3,2";"49,0";"6,9";"1271,30";"0,0"
"05/09/2025";"1300";"25,8";"25,8";"24,0";"31,0";"34,0";"31,0";"7,6";"7,8";"7,1";"942,5";"942,5";"942,2";"3,1";"47,0";"7,3";"2038,50";"0,0"
"05/09/2025";"1400";"28,1";"28,1";"25,8";"28,0";"32,0";"28,0";"8,0";"8,0";"6,9";"942,9";"942,9";"942,6";"2,3";"33,0";"6,3";"2624,90";"0,0"
"05/09/2025";"1500";"30,5";"30,6";"28,0";"22,0";"28,0";"22,0";"6,4";"8,3";"6,0";"942,3";"942,9";"942,3";"2,1";"357,0";"5,8";"3000,30";"0,0"
"05/09/2025";"1600";"30,7";"32,1";"29,8";"20,0";"23,0";"18,0";"5,2";"6,4";"4,3";"941,5";"942,4";"941,5";"2,5";"345,0";"7,3";"3014,10";"0,0"
"05/09/2025";"1700";"32,1";"32,2";"30,2";"17,0";"21,0";"16,0";"4,1";"5,5";"3,2";"940,4";"941,5";"940,4";"2,2";"22,0";"7,4";"2979,50";"0,0"
"05/09/2025";"1800";"33,3";"33,3";"31,1";"16,0";"18,0";"16,0";"3,7";"4,5";"3,0";"939,6";"940,4";"939,6";"1,6";"319,0";"6,9";"2605,00";"0,0"
"05/09/2025";"1900";"32,2";"33,6";"31,6";"17,0";"18,0";"15,0";"4,3";"4,3";"2,8";"939,2";"939,6";"939,1";"2,2";"25,0";"5,4";"1881,00";"0,0"
"05/09/2025";"2000";"32,0";"32,7";"31,8";"17,0";"18,0";"16,0";"3,9";"4,6";"3,6";"939,4";"939,5";"939,2";"1,5";"305,0";"5,4";"1306,50";"0,0"
"05/09/2025";"2100";"30,4";"32,1";"30,4";"20,0";"20,0";"17,0";"4,6";"5,5";"3,9";"939,6";"939,6";"939,4";"1,8";"277,0";"4,0";"376,20";"0,0"
"05/09/2025";"2200";"27,9";"30,4";"27,9";"24,0";"24,0";"20,0";"5,4";"5,5";"4,7";"940,0";"940,1";"939,6";"0,8";"300,0";"3,7";"14,70";"0,0"
"05/09/2025";"2300";"27,0";"27,9";"27,0";"26,0";"26,0";"24,0";"5,7";"5,7";"5,4";"940,3";"940,3";"940,0";"0,9";"325,0";"2,3";"";"0,0"
"06/09/2025";"0000";"26,9";"27,0";"26,5";"26,0";"27,0";"26,0";"5,8";"6,0";"5,6";"940,6";"940,7";"940,3";"0,7";"319,0";"1,4";"";"0,0"
"06/09/2025";"0100";"26,1";"26,9";"26,1";"27,0";"28,0";"26,0";"5,6";"6,3";"5,5";"941,0";"941,0";"940,6";"1,0";"2,0";"1,9";"";"0,0"
"06/09/2025";"0200";"26,3";"26,7";"26,0";"26,0";"27,0";"26,0";"5,2";"5,8";"5,1";"941,1";"941,2";"941,0";"0,9";"354,0";"2,2";"";"0,0"
"06/09/2025";"0300";"23,9";"26,3";"23,6";"32,0";"34,0";"26,0";"6,3";"6,6";"5,2";"941,0";"941,1";"940,9";"0,2";"311,0";"1,7";"";"0,0"
"06/09/2025";"0400";"22,0";"24,3";"22,0";"39,0";"39,0";"31,0";"7,4";"7,4";"6,1";"940,8";"941,0";"940,6";"1,0";"205,0";"3,2";"";"0,0"
"06/09/2025";"0500";"19,3";"22,0";"19,3";"61,0";"61,0";"39,0";"11,6";"11,6";"7,5";"940,6";"940,9";"940,6";"2,0";"147,0";"5,3";"";"0,0"
"06/09/2025";"0600";"17,9";"19,3";"17,9";"77,0";"77,0";"61,0";"13,8";"13,8";"11,7";"940,3";"940,5";"940,2";"2,3";"150,0";"5,8";"";"0,0"
"06/09/2025";"0700";"16,7";"17,9";"16,7";"81,0";"81,0";"77,0";"13,4";"13,8";"13,4";"940,2";"940,3";"940,1";"2,4";"140,0";"6,9";"";"0,0"
"06/09/2025";"0800";"15,8";"16,7";"15,7";"89,0";"91,0";"81,0";"14,0";"14,3";"13,4";"940,4";"940,5";"940,2";"2,6";"143,0";"6,0";"";"0,0"
"06/09/2025";"0900";"15,7";"15,9";"15,4";"84,0";"94,0";"83,0";"13,1";"14,4";"13,0";"940,8";"940,8";"940,3";"3,1";"117,0";"6,5";"";"0,0"
"06/09/2025";"1000";"15,4";"15,7";"15,2";"87,0";"89,0";"84,0";"13,2";"13,4";"13,0";"941,8";"941,9";"940,8";"2,1";"143,0";"6,7";"15,50";"0,0"
"06/09/2025";"1100";"16,4";"16,4";"15,4";"78,0";"87,0";"78,0";"12,5";"13,2";"12,5";"942,5";"942,5";"941,8";"3,3";"134,0";"8,3";"269,80";"0,0"
"06/09/2025";"1200";"17,5";"17,5";"16,2";"72,0";"79,0";"72,0";"12,4";"12,6";"12,2";"943,2";"943,2";"942,5";"3,1";"121,0";"7,8";"597,90";"0,0"
"06/09/2025";"1300";"19,8";"19,8";"17,5";"63,0";"72,0";"62,0";"12,6";"12,7";"12,2";"943,7";"943,8";"943,2";"3,0";"127,0";"6,7";"1158,20";"0,0"
"06/09/2025";"1400";"21,7";"21,9";"19,5";"56,0";"64,0";"54,0";"12,5";"12,9";"11,9";"943,9";"943,9";"943,7";"2,9";"126,0";"6,6";"1789,20";"0,0"
"06/09/2025";"1500";"24,5";"24,6";"21,8";"45,0";"56,0";"44,0";"11,6";"12,6";"11,3";"943,5";"943,9";"943,5";"2,6";"122,0";"7,1";"2480,80";"0,0"
"06/09/2025";"1600";"26,3";"26,9";"24,4";"39,0";"45,0";"37,0";"11,3";"12,0";"10,9";"942,8";"943,6";"942,8";"1,8";"126,0";"5,4";"2793,70";"0,0"
"06/09/2025";"1700";"28,3";"28,7";"26,0";"34,0";"39,0";"34,0";"10,9";"11,8";"10,6";"941,9";"942,9";"941,9";"1,9";"154,0";"5,7";"2966,00";"0,0"
"06/09/2025";"1800";"29,4";"29,9";"27,5";"32,0";"36,0";"31,0";"11,0";"11,5";"10,1";"941,2";"941,9";"941,1";"1,5";"139,0";"5,3";"2591,90";"0,0"
"06/09/2025";"1900";"29,1";"30,0";"28,3";"31,0";"34,0";"29,0";"10,2";"11,2";"9,8";"940,8";"941,2";"940,7";"1,4";"154,0";"4,7";"2011,70";"0,0"
"06/09/2025";"2000";"28,0";"29,3";"28,0";"33,0";"34,0";"30,0";"10,1";"10,8";"9,8";"941,0";"941,0";"940,7";"2,0";"143,0";"5,4";"1278,00";"0,0"
"06/09/2025";"2100";"26,4";"28,2";"26,4";"37,0";"37,0";"32,0";"10,7";"10,7";"10,1";"941,4";"941,5";"941,0";"1,6";"157,0";"5,4";"379,60";"0,0"
"06/09/2025";"2200";"24,9";"26,5";"24,8";"42,0";"42,0";"37,0";"11,1";"11,1";"10,7";"941,9";"941,9";"941,4";"2,0";"157,0";"4,9";"17,90";"0,0"
"06/09/2025";"2300";"22,1";"24,9";"22,1";"51,0";"51,0";"42,0";"11,6";"11,6";"11,1";"942,8";"942,9";"941,9";"1,7";"171,0";"7,7";"";"0,0"
"07/09/2025";"0000";"20,2";"22,1";"20,2";"57,0";"57,0";"51,0";"11,3";"11,6";"11,3";"943,2";"943,2";"942,7";"2,2";"157,0";"6,0";"";"0,0"
"07/09/2025";"0100";"18,2";"20,2";"18,2";"63,0";"63,0";"57,0";"11,1";"11,3";"11,1";"943,7";"943,7";"943,2";"3,3";"142,0";"8,8";"";"0,0"
"07/09/2025";"0200";"17,1";"18,2";"17,1";"67,0";"67,0";"63,0";"10,9";"11,1";"10,9";"943,9";"944,0";"943,7";"2,8";"147,0";"8,7";"";"0,0"
"07/09/2025";"0300";"16,0";"17,1";"16,0";"71,0";"71,0";"67,0";"10,8";"10,9";"10,7";"944,2";"944,3";"943,9";"3,7";"143,0";"9,9";"";"0,0"
"07/09/2025";"0400";"15,0";"16,0";"15,0";"75,0";"75,0";"71,0";"10,5";"10,8";"10,5";"943,7";"944,3";"943,6";"2,6";"139,0";"9,3";"";"0,0"
"07/09/2025";"0500";"14,7";"15,2";"14,6";"76,0";"76,0";"74,0";"10,5";"10,6";"10,5";"943,0";"943,7";"943,0";"2,2";"147,0";"7,0";"";"0,0"
"07/09/2025";"0600";"14,2";"14,7";"14,2";"79,0";"79,0";"76,0";"10,6";"10,6";"10,4";"943,0";"943,0";"942,9";"2,6";"143,0";"6,4";"";"0,0"
"07/09/2025";"0700";"13,9";"14,2";"13,9";"81,0";"81,0";"78,0";"10,6";"10,7";"10,5";"942,5";"942,9";"942,4";"2,9";"154,0";"6,9";"";"0,0"
"07/09/2025";"0800";"14,4";"14,4";"13,9";"79,0";"81,0";"79,0";"10,7";"10,8";"10,6";"942,8";"942,9";"942,5";"2,9";"148,0";"9,8";"";"0,0"
"07/09/2025";"0900";"14,7";"14,7";"14,3";"78,0";"79,0";"78,0";"10,9";"10,9";"10,7";"943,2";"943,2";"942,7";"2,7";"136,0";"7,3";"";"0,0"
"07/09/2025";"1000";"14,9";"14,9";"14,7";"79,0";"79,0";"78,0";"11,2";"11,2";"10,9";"943,7";"943,8";"943,2";"4,3";"122,0";"9,7";"10,30";"0,0"
"07/09/2025";"1100";"16,5";"16,5";"14,9";"72,0";"79,0";"72,0";"11,3";"11,5";"11,2";"944,3";"944,4";"943,6";"3,3";"136,0";"9,3";"436,10";"0,0"
"07/09/2025";"1200";"18,5";"18,5";"16,2";"64,0";"74,0";"64,0";"11,5";"11,8";"11,2";"945,1";"945,1";"944,3";"3,4";"138,0";"7,9";"1089,70";"0,0"
"07/09/2025";"1300";"20,8";"21,1";"18,3";"56,0";"65,0";"55,0";"11,7";"12,0";"11,2";"945,4";"945,5";"945,0";"3,5";"124,0";"7,9";"2003,30";"0,0"
"07/09/2025";"1400";"23,5";"23,6";"20,8";"48,0";"56,0";"48,0";"11,9";"12,2";"11,4";"945,2";"945,4";"945,1";"3,2";"121,0";"6,8";"2261,10";"0,0"
"07/09/2025";"1500";"24,3";"24,7";"23,3";"46,0";"49,0";"44,0";"11,9";"12,4";"11,6";"944,5";"945,2";"944,5";"2,3";"123,0";"6,5";"1658,70";"0,0"
"07/09/2025";"1600";"26,9";"28,3";"24,3";"39,0";"46,0";"36,0";"11,9";"12,3";"11,2";"943,6";"944,6";"943,5";"2,6";"111,0";"6,2";"2755,70";"0,0"
"07/09/2025";"1700";"27,7";"27,7";"26,4";"37,0";"40,0";"36,0";"11,5";"12,1";"11,1";"942,6";"943,6";"942,6";"1,2";"144,0";"4,8";"1172,30";"0,0"
"07/09/2025";"1800";"28,0";"28,7";"27,6";"34,0";"37,0";"32,0";"10,5";"11,5";"10,2";"941,6";"942,6";"941,6";"1,6";"123,0";"4,5";"1088,50";"0,0"
"07/09/2025";"1900";"27,8";"28,4";"27,8";"38,0";"38,0";"31,0";"12,2";"12,2";"9,5";"941,3";"941,6";"941,3";"1,0";"185,0";"3,5";"610,20";"0,0"
"07/09/2025";"2000";"26,0";"27,8";"26,0";"44,0";"44,0";"37,0";"12,7";"12,8";"11,7";"941,3";"941,5";"941,3";"1,6";"152,0";"4,3";"280,90";"0,0"
"07/09/2025";"2100";"25,1";"26,0";"25,1";"45,0";"45,0";"43,0";"12,3";"12,7";"12,2";"941,2";"941,5";"941,2";"1,9";"156,0";"5,2";"90,10";"0,0"
"07/09/2025";"2200";"24,4";"25,1";"24,4";"48,0";"48,0";"44,0";"12,6";"12,6";"12,0";"941,6";"941,7";"941,2";"1,8";"152,0";"5,2";"4,80";"0,0"
"07/09/2025";"2300";"23,2";"24,4";"23,2";"53,0";"53,0";"48,0";"13,0";"13,0";"12,6";"942,1";"942,1";"941,6";"2,1";"152,0";"5,5";"";"0,0"
"08/09/2025";"0000";"22,5";"23,2";"22,5";"55,0";"55,0";"53,0";"13,2";"13,2";"13,0";"942,7";"942,7";"942,1";"2,0";"151,0";"6,4";"";"0,0"
"08/09/2025";"0100";"22,2";"22,6";"22,2";"58,0";"58,0";"55,0";"13,4";"13,4";"13,1";"942,8";"942,9";"942,7";"2,2";"154,0";"7,0";"";"0,0"
"08/09/2025";"0200";"20,8";"22,2";"20,8";"63,0";"63,0";"58,0";"13,6";"13,6";"13,4";"943,1";"943,3";"942,8";"2,2";"157,0";"7,7";"";"0,0"
"08/09/2025";"0300";"19,6";"20,8";"19,6";"67,0";"67,0";"63,0";"13,3";"13,6";"13,3";"942,9";"943,1";"942,8";"2,2";"161,0";"7,3";"";"0,0"
"08/09/2025";"0400";"18,8";"19,6";"18,6";"71,0";"72,0";"67,0";"13,4";"13,5";"13,3";"942,6";"942,9";"942,6";"2,3";"141,0";"7,6";"";"0,0"
"08/09/2025";"0500";"18,3";"18,9";"18,2";"73,0";"73,0";"71,0";"13,4";"13,5";"13,3";"941,7";"942,6";"941,7";"3,3";"122,0";"8,5";"";"0,0"
"08/09/2025";"0600";"17,5";"18,3";"17,5";"77,0";"77,0";"73,0";"13,4";"13,5";"13,3";"941,2";"941,8";"941,2";"2,6";"123,0";"8,7";"";"0,0"
"08/09/2025";"0700";"17,3";"18,0";"17,3";"78,0";"78,0";"75,0";"13,5";"13,6";"13,4";"940,8";"941,2";"940,8";"2,5";"141,0";"8,7";"";"0,0"
"08/09/2025";"0800";"16,8";"17,3";"16,8";"82,0";"82,0";"78,0";"13,8";"13,8";"13,5";"941,0";"941,0";"940,8";"1,5";"151,0";"5,4";"";"0,0"
"08/09/2025";"0900";"16,8";"16,9";"16,6";"84,0";"85,0";"82,0";"14,0";"14,1";"13,7";"941,4";"941,4";"940,9";"2,4";"134,0";"5,3";"";"0,0"
"08/09/2025";"1000";"17,3";"17,3";"16,6";"81,0";"86,0";"81,0";"14,0";"14,3";"13,8";"942,0";"942,0";"941,4";"2,5";"103,0";"5,9";"9,90";"0,0"
"08/09/2025";"1100";"19,5";"19,5";"17,3";"70,0";"81,0";"70,0";"14,0";"14,1";"13,9";"942,7";"942,7";"942,0";"3,1";"108,0";"8,1";"406,40";"0,0"
"08/09/2025";"1200";"22,7";"22,7";"19,5";"58,0";"70,0";"58,0";"14,1";"14,2";"13,8";"943,0";"943,0";"942,7";"3,2";"92,0";"8,4";"1219,80";"0,0"
"08/09/2025";"1300";"25,8";"25,9";"22,7";"44,0";"58,0";"44,0";"12,5";"14,1";"12,5";"942,9";"943,0";"942,8";"4,3";"69,0";"8,8";"2004,90";"0,0"
"08/09/2025";"1400";"28,1";"28,5";"25,8";"35,0";"44,0";"34,0";"11,1";"12,8";"10,6";"942,2";"942,9";"942,2";"3,8";"44,0";"10,7";"2634,40";"0,0"
"08/09/2025";"1500";"30,3";"30,3";"28,1";"28,0";"35,0";"28,0";"9,6";"11,3";"9,5";"941,3";"942,2";"941,1";"3,8";"37,0";"9,7";"3013,50";"0,0"
"08/09/2025";"1600";"32,0";"32,1";"29,9";"23,0";"29,0";"23,0";"8,1";"10,1";"8,1";"940,2";"941,3";"940,1";"4,3";"41,0";"9,8";"3132,80";"0,0"
"08/09/2025";"1700";"33,4";"33,4";"31,6";"21,0";"24,0";"20,0";"7,8";"8,9";"7,0";"939,1";"940,2";"939,1";"3,3";"29,0";"9,9";"2987,90";"0,0"
"08/09/2025";"1800";"34,3";"34,5";"32,8";"16,0";"21,0";"16,0";"5,1";"8,0";"5,1";"938,0";"939,1";"938,0";"2,7";"40,0";"9,4";"2639,50";"0,0"
"08/09/2025";"1900";"32,9";"34,4";"32,8";"18,0";"18,0";"16,0";"5,5";"6,2";"5,0";"937,3";"938,0";"937,3";"2,5";"18,0";"9,2";"1572,10";"0,0"
"08/09/2025";"2000";"32,6";"33,8";"32,6";"19,0";"19,0";"17,0";"5,7";"5,9";"5,3";"937,0";"937,4";"937,0";"2,4";"14,0";"7,4";"929,50";"0,0"
"08/09/2025";"2100";"31,5";"32,6";"31,5";"21,0";"21,0";"19,0";"6,4";"6,4";"5,7";"937,3";"937,4";"937,0";"1,5";"33,0";"6,3";"201,50";"0,0"
"08/09/2025";"2200";"30,0";"31,5";"30,0";"23,0";"23,0";"21,0";"6,8";"6,8";"6,4";"937,6";"937,7";"937,3";"1,0";"29,0";"3,8";"17,30";"0,0"
"08/09/2025";"2300";"29,4";"30,1";"29,1";"25,0";"25,0";"23,0";"7,1";"7,2";"6,8";"938,1";"938,1";"937,6";"1,2";"47,0";"3,1";"";"0,0"
"09/09/2025";"0000";"29,5";"29,6";"29,3";"24,0";"25,0";"24,0";"6,8";"7,2";"6,8";"938,5";"938,5";"938,1";"1,7";"40,0";"3,7";"";"0,0"
"09/09/2025";"0100";"28,8";"29,7";"28,8";"25,0";"25,0";"23,0";"6,8";"6,8";"6,5";"938,8";"938,8";"938,5";"2,1";"38,0";"5,0";"";"0,0"
"09/09/2025";"0200";"28,0";"28,8";"27,9";"26,0";"26,0";"25,0";"6,6";"6,8";"6,6";"938,7";"938,8";"938,7";"2,4";"42,0";"5,4";"";"0,0"
"09/09/2025";"0300";"27,0";"28,2";"27,0";"28,0";"28,0";"25,0";"7,0";"7,0";"6,3";"937,9";"938,7";"937,9";"3,0";"52,0";"7,9";"";"0,0"
"09/09/2025";"0400";"26,3";"27,0";"26,3";"30,0";"30,0";"28,0";"7,2";"7,2";"6,9";"937,4";"937,9";"937,4";"4,0";"42,0";"9,4";"";"0,0"
"09/09/2025";"0500";"25,6";"26,3";"25,6";"31,0";"31,0";"30,0";"7,3";"7,3";"7,1";"936,9";"937,4";"936,9";"3,9";"45,0";"11,1";"";"0,0"
"09/09/2025";"0600";"26,0";"26,0";"25,5";"29,0";"31,0";"29,0";"6,7";"7,3";"6,7";"936,9";"937,0";"936,8";"2,9";"13,0";"9,3";"";"0,0"
"09/09/2025";"0700";"25,4";"26,2";"25,4";"32,0";"32,0";"29,0";"7,5";"7,5";"6,5";"936,7";"936,9";"936,4";"3,3";"30,0";"9,3";"";"0,0"
"09/09/2025";"0800";"24,3";"25,4";"24,2";"35,0";"35,0";"32,0";"7,8";"8,0";"7,5";"937,1";"937,1";"936,4";"3,1";"15,0";"9,6";"";"0,0"
"09/09/2025";"0900";"23,2";"24,3";"23,1";"37,0";"38,0";"35,0";"7,8";"8,1";"7,7";"938,6";"938,6";"937,1";"1,2";"328,0";"7,2";"";"0,0"
"09/09/2025";"1000";"23,2";"23,6";"23,0";"37,0";"38,0";"36,0";"7,6";"7,8";"7,6";"940,6";"940,6";"938,6";"2,2";"286,0";"8,9";"6,70";"0,0"
"09/09/2025";"1100";"21,6";"23,4";"21,6";"61,0";"61,0";"36,0";"13,8";"13,8";"7,4";"942,5";"942,6";"940,6";"1,7";"219,0";"10,0";"135,30";"0,0"
"09/09/2025";"1200";"22,6";"23,2";"21,6";"57,0";"61,0";"56,0";"13,6";"14,2";"13,6";"943,1";"943,3";"942,5";"1,8";"227,0";"7,5";"808,50";"0,0"
"09/09/2025";"1300";"23,0";"23,0";"21,9";"53,0";"60,0";"53,0";"12,8";"13,8";"12,7";"942,7";"943,2";"942,7";"1,0";"234,0";"6,5";"325,00";"0,0"
"09/09/2025";"1400";"23,1";"24,3";"22,5";"46,0";"53,0";"45,0";"10,9";"12,5";"10,7";"942,0";"943,0";"942,0";"1,7";"325,0";"7,1";"561,10";"0,0"
"09/09/2025";"1500";"23,0";"23,2";"22,8";"47,0";"48,0";"46,0";"11,1";"11,4";"10,8";"942,2";"942,7";"941,7";"1,5";"302,0";"4,5";"215,70";"0,0"
"09/09/2025";"1600";"24,0";"24,2";"23,0";"41,0";"48,0";"41,0";"9,9";"11,5";"9,9";"942,1";"942,7";"941,7";"2,9";"286,0";"7,0";"627,40";"0,0"
"09/09/2025";"1700";"24,4";"24,9";"24,0";"41,0";"42,0";"40,0";"10,4";"10,7";"9,9";"941,4";"942,3";"941,4";"3,1";"280,0";"8,3";"985,10";"0,0"
"09/09/2025";"1800";"25,1";"25,6";"24,4";"40,0";"41,0";"38,0";"10,6";"10,9";"10,0";"940,9";"941,5";"940,9";"3,3";"283,0";"7,2";"1370,10";"0,0"
"09/09/2025";"1900";"26,8";"27,1";"25,1";"36,0";"40,0";"35,0";"10,4";"11,0";"9,8";"940,5";"941,0";"940,5";"1,8";"303,0";"9,1";"1312,00";"0,0"
"09/09/2025";"2000";"28,5";"28,5";"26,6";"27,0";"36,0";"27,0";"7,8";"10,7";"7,8";"940,3";"940,5";"940,2";"2,2";"276,0";"9,3";"1470,80";"0,0"
"09/09/2025";"2100";"26,9";"28,6";"26,9";"26,0";"28,0";"25,0";"5,6";"7,6";"5,4";"940,5";"940,5";"940,3";"2,1";"267,0";"6,9";"427,00";"0,0"
"09/09/2025";"2200";"24,6";"26,9";"24,4";"29,0";"31,0";"26,0";"5,3";"6,5";"5,3";"940,9";"940,9";"940,5";"0,9";"269,0";"6,0";"16,10";"0,0"
"09/09/2025";"2300";"24,7";"24,9";"23,9";"26,0";"29,0";"26,0";"4,1";"5,4";"3,9";"941,1";"941,1";"940,9";"1,2";"278,0";"2,8";"";"0,0"
"10/09/2025";"0000";"23,2";"24,8";"23,1";"29,0";"30,0";"26,0";"4,2";"5,0";"4,1";"941,7";"941,7";"941,1";"0,8";"253,0";"3,4";"";"0,0"
"10/09/2025";"0100";"22,0";"23,3";"22,0";"29,0";"29,0";"27,0";"3,2";"4,3";"2,7";"942,1";"942,2";"941,6";"0,7";"220,0";"2,4";"";"0,0"
"10/09/2025";"0200";"20,7";"22,0";"20,6";"32,0";"33,0";"29,0";"3,6";"3,7";"3,2";"942,3";"942,3";"942,0";"0,5";"190,0";"1,8";"";"0,0"
"10/09/2025";"0300";"20,3";"20,8";"20,2";"33,0";"34,0";"32,0";"3,4";"3,9";"3,3";"942,2";"942,4";"942,2";"0,3";"155,0";"2,2";"";"0,0"
"10/09/2025";"0400";"18,7";"20,3";"18,7";"37,0";"37,0";"33,0";"3,7";"3,8";"3,4";"941,8";"942,3";"941,8";"0,4";"174,0";"1,8";"";"0,0"
"10/09/2025";"0500";"18,3";"18,8";"18,2";"39,0";"39,0";"37,0";"3,9";"4,0";"3,7";"941,5";"941,9";"941,5";"0,3";"178,0";"2,5";"";"0,0"
"10/09/2025";"0600";"18,1";"18,4";"17,7";"40,0";"40,0";"38,0";"4,3";"4,3";"3,8";"941,2";"941,5";"941,2";"0,9";"170,0";"3,5";"";"0,0"
"10/09/2025";"0700";"19,3";"19,5";"18,1";"38,0";"40,0";"37,0";"4,7";"4,9";"4,1";"941,5";"941,6";"941,2";"1,6";"139,0";"3,9";"";"0,0"
"10/09/2025";"0800";"17,3";"19,4";"17,2";"44,0";"44,0";"38,0";"4,9";"5,0";"4,5";"941,9";"942,0";"941,5";"1,3";"147,0";"4,5";"";"0,0"
"10/09/2025";"0900";"18,1";"19,2";"17,2";"42,0";"44,0";"39,0";"5,0";"5,2";"4,8";"942,1";"942,1";"941,9";"1,4";"141,0";"4,5";"";"0,0"
"10/09/2025";"1000";"18,5";"19,0";"17,0";"41,0";"47,0";"40,0";"5,1";"5,5";"5,0";"942,6";"942,7";"942,1";"1,7";"144,0";"6,6";"19,70";"0,0"
"10/09/2025";"1100";"20,3";"20,6";"18,5";"37,0";"41,0";"36,0";"5,2";"5,6";"4,5";"943,3";"943,3";"942,6";"2,0";"116,0";"6,0";"598,10";"0,0"
"10/09/2025";"1200";"22,1";"22,3";"20,3";"34,0";"38,0";"34,0";"5,6";"6,0";"5,1";"943,8";"943,8";"943,3";"2,3";"108,0";"5,3";"1511,00";"0,0"
"10/09/2025";"1300";"26,0";"26,0";"22,1";"25,0";"34,0";"25,0";"4,4";"5,9";"4,0";"944,0";"944,1";"943,8";"1,6";"114,0";"4,8";"2298,70";"0,0"
"10/09/2025";"1400";"27,2";"27,5";"25,3";"18,0";"26,0";"16,0";"0,5";"4,8";"-1,0";"943,9";"944,1";"943,8";"2,0";"335,0";"4,7";"2897,00";"0,0"
"10/09/2025";"1500";"27,8";"28,6";"26,8";"17,0";"19,0";"15,0";"0,2";"2,0";"-1,2";"943,2";"943,9";"943,2";"2,1";"70,0";"4,7";"3297,00";"0,0"
"10/09/2025";"1600";"29,3";"29,7";"27,7";"11,0";"17,0";"10,0";"-4,2";"0,8";"-5,0";"942,3";"943,2";"942,3";"1,6";"103,0";"4,4";"3405,50";"0,0"
"10/09/2025";"1700";"30,0";"31,1";"29,0";"11,0";"13,0";"9,0";"-3,8";"-1,6";"-7,1";"941,3";"942,3";"941,3";"1,3";"111,0";"4,0";"3253,30";"0,0"
"10/09/2025";"1800";"31,5";"31,5";"30,1";"10,0";"12,0";"10,0";"-4,3";"-1,9";"-4,3";"940,6";"941,3";"940,6";"1,7";"334,0";"4,9";"2861,80";"0,0"
"10/09/2025";"1900";"32,3";"32,7";"31,3";"8,0";"10,0";"8,0";"-5,5";"-3,6";"-5,5";"940,1";"940,6";"940,1";"1,7";"309,0";"5,6";"2277,00";"0,0"
"10/09/2025";"2000";"31,8";"33,0";"31,5";"9,0";"10,0";"8,0";"-5,2";"-3,4";"-6,6";"940,1";"940,2";"939,9";"0,7";"237,0";"3,5";"1494,50";"0,0"
"10/09/2025";"2100";"28,5";"32,1";"28,5";"12,0";"12,0";"9,0";"-3,6";"-3,1";"-5,2";"940,2";"940,2";"940,1";"0,6";"219,0";"3,0";"425,20";"0,0"
"10/09/2025";"2200";"26,3";"28,6";"26,2";"12,0";"12,0";"11,0";"-5,8";"-4,1";"-6,3";"940,6";"940,7";"940,1";"0,6";"250,0";"2,4";"13,00";"0,0"
"10/09/2025";"2300";"24,7";"26,3";"24,7";"14,0";"14,0";"11,0";"-5,0";"-4,8";"-6,2";"941,1";"941,1";"940,6";"0,2";"141,0";"1,4";"";"0,0"
"11/09/2025";"0000";"24,3";"24,9";"24,2";"18,0";"18,0";"14,0";"-1,5";"-1,5";"-4,9";"942,0";"942,0";"941,1";"0,5";"114,0";"2,0";"";"0,0"
"11/09/2025";"0100";"23,3";"24,5";"22,9";"23,0";"23,0";"18,0";"0,8";"0,8";"-1,5";"942,8";"942,8";"942,0";"1,0";"133,0";"3,9";"";"0,0"
"11/09/2025";"0200";"23,4";"24,1";"22,7";"22,0";"24,0";"22,0";"0,5";"1,5";"0,5";"943,1";"943,2";"942,8";"1,1";"150,0";"3,9";"";"0,0"
"11/09/2025";"0300";"22,6";"23,9";"22,3";"23,0";"24,0";"21,0";"0,6";"0,8";"-0,1";"943,4";"943,4";"943,1";"1,1";"163,0";"4,3";"";"0,0"
"11/09/2025";"0400";"22,3";"23,7";"22,1";"24,0";"24,0";"21,0";"0,6";"0,8";"0,1";"943,0";"943,4";"943,0";"1,8";"132,0";"6,6";"";"0,0"
"11/09/2025";"0500";"21,8";"23,0";"21,8";"29,0";"29,0";"23,0";"3,0";"3,0";"0,4";"942,9";"943,1";"942,9";"3,2";"122,0";"7,2";"";"0,0"
"11/09/2025";"0600";"20,5";"22,1";"20,1";"37,0";"38,0";"29,0";"5,3";"5,3";"2,9";"942,6";"942,9";"942,6";"2,6";"102,0";"7,5";"";"0,0"
"11/09/2025";"0700";"20,1";"20,5";"20,0";"38,0";"39,0";"37,0";"5,4";"5,6";"5,2";"942,1";"942,6";"942,1";"2,6";"90,0";"6,1";"";"0,0"
"11/09/2025";"0800";"19,8";"20,3";"19,7";"41,0";"41,0";"38,0";"6,0";"6,0";"5,5";"942,1";"942,2";"942,0";"2,2";"112,0";"5,9";"";"0,0"
"11/09/2025";"0900";"19,2";"19,9";"19,1";"44,0";"44,0";"40,0";"6,5";"6,6";"5,9";"942,6";"942,6";"942,1";"2,2";"95,0";"5,3";"";"0,0"
"11/09/2025";"1000";"19,4";"19,4";"18,8";"43,0";"45,0";"43,0";"6,6";"6,7";"6,5";"943,3";"943,5";"942,6";"2,0";"94,0";"5,1";"21,90";"0,0"
"11/09/2025";"1100";"21,5";"21,5";"19,4";"37,0";"43,0";"37,0";"6,3";"6,8";"6,2";"943,8";"943,8";"943,3";"2,9";"91,0";"5,1";"576,40";"0,0"
"11/09/2025";"1200";"23,7";"24,0";"21,4";"31,0";"39,0";"30,0";"5,6";"6,7";"5,5";"944,3";"944,3";"943,8";"2,7";"98,0";"5,6";"1470,60";"0,0"
"11/09/2025";"1300";"27,6";"27,6";"23,6";"25,0";"31,0";"25,0";"5,7";"6,0";"4,9";"944,2";"944,4";"944,1";"2,0";"98,0";"5,2";"2255,30";"0,0"
"11/09/2025";"1400";"29,9";"30,0";"27,3";"16,0";"25,0";"16,0";"1,6";"5,5";"1,6";"943,8";"944,2";"943,8";"2,4";"51,0";"5,2";"2848,00";"0,0"
"11/09/2025";"1500";"31,6";"31,8";"29,5";"12,0";"19,0";"12,0";"-1,0";"4,1";"-1,6";"943,3";"943,8";"943,2";"1,7";"45,0";"5,6";"3202,70";"0,0"
"11/09/2025";"1600";"33,6";"33,8";"31,3";"11,0";"13,0";"10,0";"-0,7";"0,2";"-2,3";"942,3";"943,3";"942,3";"1,2";"184,0";"4,3";"3276,40";"0,0"
"11/09/2025";"1700";"35,2";"35,7";"33,6";"9,0";"11,0";"8,0";"-2,9";"-0,8";"-3,4";"941,3";"942,3";"941,2";"1,7";"251,0";"6,2";"3163,20";"0,0"
"11/09/2025";"1800";"35,0";"35,8";"33,8";"9,0";"10,0";"8,0";"-2,1";"-2,1";"-4,2";"940,5";"941,3";"940,5";"1,6";"200,0";"6,9";"2809,80";"0,0"
"11/09/2025";"1900";"34,9";"35,4";"34,2";"8,0";"9,0";"8,0";"-3,6";"-2,3";"-4,1";"940,3";"940,6";"940,3";"1,2";"213,0";"6,4";"2226,40";"0,0"
"11/09/2025";"2000";"33,2";"35,0";"33,1";"10,0";"10,0";"8,0";"-3,1";"-2,3";"-3,7";"940,2";"940,3";"940,2";"1,2";"194,0";"6,5";"1448,50";"0,0"
"11/09/2025";"2100";"30,1";"33,2";"30,1";"13,0";"13,0";"9,0";"-1,0";"-1,0";"-3,2";"940,4";"940,4";"940,2";"0,8";"194,0";"4,8";"417,90";"0,0"
"11/09/2025";"2200";"27,2";"30,1";"27,2";"18,0";"18,0";"13,0";"0,5";"0,5";"-0,9";"940,7";"940,7";"940,4";"0,4";"145,0";"4,7";"12,00";"0,0"
"11/09/2025";"2300";"26,6";"27,2";"26,3";"18,0";"19,0";"17,0";"-0,1";"0,8";"-0,4";"940,9";"941,0";"940,6";"1,4";"145,0";"3,8";"";"0,0"
"12/09/2025";"0000";"27,1";"27,4";"25,8";"16,0";"19,0";"16,0";"-0,7";"0,5";"-0,7";"941,0";"941,1";"940,7";"1,6";"116,0";"3,8";"";"0,0"
"12/09/2025";"0100";"26,0";"27,7";"25,8";"18,0";"18,0";"15,0";"0,1";"0,1";"-1,1";"941,4";"941,4";"941,0";"1,5";"115,0";"4,3";"";"0,0"
"12/09/2025";"0200";"25,5";"27,5";"25,3";"19,0";"19,0";"16,0";"-0,1";"0,0";"-0,9";"941,5";"941,7";"941,4";"0,6";"106,0";"5,1";"";"0,0"
"12/09/2025";"0300";"24,3";"25,5";"24,1";"21,0";"21,0";"19,0";"0,5";"0,6";"0,0";"941,7";"941,8";"941,5";"0,5";"148,0";"2,5";"";"0,0"
"12/09/2025";"0400";"24,3";"25,5";"23,8";"21,0";"22,0";"18,0";"0,5";"0,6";"-0,4";"941,5";"941,8";"941,5";"1,1";"133,0";"4,2";"";"0,0"
"12/09/2025";"0500";"24,0";"24,5";"23,1";"20,0";"23,0";"19,0";"-0,6";"0,7";"-0,9";"941,1";"941,6";"941,0";"1,8";"118,0";"4,4";"";"0,0"
"12/09/2025";"0600";"23,6";"24,1";"23,0";"18,0";"21,0";"18,0";"-1,9";"-0,3";"-1,9";"940,6";"941,1";"940,5";"2,3";"108,0";"5,3";"";"0,0"
"12/09/2025";"0700";"21,7";"23,6";"21,6";"22,0";"22,0";"18,0";"-1,3";"-1,1";"-2,2";"940,0";"940,6";"940,0";"2,0";"120,0";"5,6";"";"0,0"
"12/09/2025";"0800";"20,3";"21,9";"20,3";"23,0";"23,0";"20,0";"-1,5";"-1,0";"-2,1";"940,5";"940,5";"939,9";"2,2";"146,0";"6,2";"";"0,0"
"12/09/2025";"0900";"19,6";"20,3";"19,4";"25,0";"25,0";"23,0";"-1,0";"-1,0";"-1,8";"940,9";"940,9";"940,4";"2,3";"146,0";"7,1";"";"0,0"
"12/09/2025";"1000";"18,9";"20,0";"18,5";"34,0";"34,0";"25,0";"2,8";"2,8";"-0,9";"941,5";"941,5";"940,9";"2,5";"159,0";"8,8";"21,20";"0,0"
"12/09/2025";"1100";"19,6";"19,7";"18,7";"42,0";"43,0";"34,0";"6,4";"6,5";"3,1";"942,0";"942,1";"941,4";"3,3";"151,0";"9,1";"522,40";"0,0"
"12/09/2025";"1200";"20,8";"20,8";"19,5";"45,0";"46,0";"42,0";"8,4";"8,4";"6,4";"942,5";"942,5";"942,0";"2,4";"139,0";"8,3";"1361,80";"0,0"
"12/09/2025";"1300";"23,0";"23,4";"20,3";"39,0";"47,0";"39,0";"8,3";"9,0";"8,2";"942,7";"942,7";"942,4";"3,6";"138,0";"7,9";"2136,30";"0,0"
"12/09/2025";"1400";"25,1";"25,8";"22,6";"32,0";"40,0";"31,0";"7,3";"8,6";"7,3";"942,4";"942,8";"942,3";"2,9";"126,0";"8,3";"2733,30";"0,0"
"12/09/2025";"1500";"27,2";"27,6";"25,0";"28,0";"34,0";"28,0";"6,9";"8,1";"6,9";"942,2";"942,4";"942,1";"2,8";"145,0";"8,2";"3110,90";"0,0"
"12/09/2025";"1600";"28,2";"29,0";"26,5";"25,0";"29,0";"24,0";"6,4";"7,8";"5,9";"941,2";"942,2";"941,1";"3,0";"94,0";"6,5";"3202,80";"0,0"
"12/09/2025";"1700";"29,7";"30,1";"28,1";"19,0";"26,0";"19,0";"3,9";"6,8";"3,6";"940,4";"941,3";"940,4";"1,2";"76,0";"5,5";"2827,60";"0,0"
"12/09/2025";"1800";"30,7";"31,0";"29,5";"19,0";"21,0";"19,0";"4,3";"5,5";"3,9";"939,8";"940,4";"939,8";"1,2";"215,0";"4,9";"1826,30";"0,0"
"12/09/2025";"1900";"31,4";"32,2";"30,7";"18,0";"20,0";"17,0";"4,4";"5,2";"3,1";"939,2";"939,8";"939,2";"1,6";"191,0";"4,9";"2099,90";"0,0"
"12/09/2025";"2000";"29,5";"31,6";"29,4";"23,0";"23,0";"18,0";"6,0";"6,0";"3,9";"939,1";"939,3";"939,0";"1,9";"157,0";"5,0";"1360,00";"0,0"
"12/09/2025";"2100";"27,2";"29,7";"27,2";"30,0";"30,0";"23,0";"8,0";"8,1";"6,1";"939,5";"939,5";"939,0";"1,7";"156,0";"5,6";"511,50";"0,0"
"12/09/2025";"2200";"24,6";"27,2";"24,6";"37,0";"37,0";"30,0";"9,0";"9,1";"8,0";"940,2";"940,3";"939,4";"2,3";"158,0";"7,6";"37,80";"0,0"
"12/09/2025";"2300";"23,0";"24,6";"23,0";"40,0";"40,0";"37,0";"8,8";"9,0";"8,7";"940,9";"940,9";"940,2";"2,6";"148,0";"7,6";"";"0,0"
"13/09/2025";"0000";"20,9";"23,0";"20,9";"49,0";"49,0";"40,0";"9,8";"9,8";"8,8";"941,3";"941,4";"940,9";"2,8";"144,0";"7,6";"";"0,0"
"13/09/2025";"0100";"19,6";"20,9";"19,6";"55,0";"55,0";"49,0";"10,2";"10,2";"9,8";"941,9";"942,0";"941,3";"3,4";"138,0";"7,7";"";"0,0"
"13/09/2025";"0200";"18,3";"19,6";"18,2";"60,0";"60,0";"55,0";"10,4";"10,5";"10,2";"941,8";"942,0";"941,7";"2,8";"137,0";"7,9";"";"0,0"
"13/09/2025";"0300";"17,3";"18,3";"17,3";"65,0";"65,0";"60,0";"10,7";"10,7";"10,4";"941,8";"941,9";"941,7";"3,2";"155,0";"7,2";"";"0,0"
"13/09/2025";"0400";"15,9";"17,3";"15,9";"72,0";"72,0";"65,0";"11,0";"11,0";"10,7";"941,7";"941,9";"941,7";"3,6";"145,0";"10,6";"";"0,0"
"13/09/2025";"0500";"15,1";"16,0";"15,1";"76,0";"76,0";"72,0";"10,9";"11,0";"10,9";"941,2";"941,8";"941,2";"3,0";"144,0";"10,6";"";"0,0"
"13/09/2025";"0600";"14,6";"15,2";"14,6";"79,0";"79,0";"76,0";"11,0";"11,1";"10,9";"940,9";"941,3";"940,9";"3,8";"147,0";"9,5";"";"0,0"
"13/09/2025";"0700";"14,2";"14,6";"14,2";"81,0";"81,0";"79,0";"11,0";"11,1";"11,0";"940,6";"940,9";"940,6";"3,8";"149,0";"9,7";"";"0,0"
"13/09/2025";"0800";"13,9";"14,2";"13,9";"83,0";"84,0";"81,0";"11,1";"11,2";"11,0";"941,0";"941,0";"940,6";"3,6";"143,0";"9,7";"";"0,0"
"13/09/2025";"0900";"13,6";"13,9";"13,6";"85,0";"86,0";"83,0";"11,2";"11,3";"11,1";"941,4";"941,4";"941,0";"3,4";"142,0";"8,4";"";"0,0"
"13/09/2025";"1000";"13,9";"13,9";"13,5";"81,0";"85,0";"81,0";"10,7";"11,2";"10,7";"942,1";"942,1";"941,3";"2,8";"141,0";"9,0";"23,10";"0,0"
"13/09/2025";"1100";"15,7";"15,7";"13,9";"72,0";"81,0";"72,0";"10,6";"10,8";"10,4";"942,7";"942,8";"942,1";"4,2";"134,0";"8,9";"572,00";"0,0"
"13/09/2025";"1200";"17,5";"17,9";"15,5";"62,0";"72,0";"61,0";"10,3";"10,7";"10,2";"942,9";"942,9";"942,6";"5,0";"131,0";"9,4";"1456,40";"0,0"
"13/09/2025";"1300";"20,8";"20,8";"17,5";"52,0";"63,0";"52,0";"10,6";"10,9";"10,0";"942,9";"943,0";"942,8";"3,8";"132,0";"9,7";"2226,60";"0,0"
"13/09/2025";"1400";"24,2";"24,2";"20,8";"43,0";"52,0";"43,0";"10,8";"11,1";"10,0";"942,7";"943,1";"942,7";"3,6";"128,0";"8,3";"2823,60";"0,0"
"13/09/2025";"1500";"25,5";"26,2";"23,4";"37,0";"44,0";"36,0";"9,8";"10,8";"9,8";"942,2";"942,8";"942,1";"3,4";"130,0";"7,8";"3187,00";"0,0"
"13/09/2025";"1600";"27,1";"27,9";"25,4";"34,0";"38,0";"33,0";"9,8";"10,7";"9,5";"941,2";"942,2";"941,2";"3,0";"113,0";"7,6";"3287,40";"0,0"
"13/09/2025";"1700";"28,6";"29,3";"27,1";"29,0";"34,0";"28,0";"8,9";"10,7";"8,4";"940,2";"941,2";"940,2";"3,1";"126,0";"8,4";"3139,20";"0,0"
"13/09/2025";"1800";"29,4";"30,1";"28,6";"28,0";"30,0";"27,0";"8,8";"9,6";"8,2";"939,3";"940,2";"939,3";"2,9";"90,0";"7,5";"2752,60";"0,0"
"13/09/2025";"1900";"29,7";"30,5";"28,9";"26,0";"28,0";"24,0";"7,8";"9,0";"7,4";"939,0";"939,4";"939,0";"2,6";"148,0";"6,9";"2144,70";"0,0"
"13/09/2025";"2000";"29,4";"30,3";"29,1";"26,0";"27,0";"25,0";"8,1";"8,3";"7,7";"939,1";"939,1";"938,9";"1,4";"154,0";"6,9";"1377,70";"0,0"
"13/09/2025";"2100";"27,6";"29,4";"27,6";"27,0";"27,0";"26,0";"6,6";"8,0";"6,5";"939,3";"939,4";"939,1";"2,1";"149,0";"5,8";"422,20";"0,0"
"13/09/2025";"2200";"26,2";"27,6";"25,8";"29,0";"29,0";"26,0";"6,7";"6,7";"6,3";"939,8";"939,8";"939,3";"2,2";"154,0";"6,8";"18,50";"0,0"
"13/09/2025";"2300";"24,3";"26,2";"24,3";"36,0";"36,0";"29,0";"8,2";"8,2";"6,7";"940,5";"940,5";"939,8";"2,7";"157,0";"8,8";"";"0,0"
"14/09/2025";"0000";"21,9";"24,2";"21,8";"45,0";"45,0";"36,0";"9,3";"9,3";"8,2";"941,2";"941,2";"940,5";"2,3";"148,0";"8,8";"";"0,0"
"14/09/2025";"0100";"19,6";"21,9";"19,6";"53,0";"53,0";"45,0";"9,8";"9,8";"9,3";"941,6";"941,6";"941,2";"2,5";"142,0";"7,8";"";"0,0"
"14/09/2025";"0200";"18,0";"19,6";"18,0";"60,0";"60,0";"53,0";"10,1";"10,1";"9,8";"941,7";"941,7";"941,5";"2,1";"159,0";"6,4";"";"0,0"
"14/09/2025";"0300";"16,7";"18,0";"16,7";"66,0";"66,0";"60,0";"10,4";"10,4";"10,1";"941,9";"941,9";"941,7";"2,5";"150,0";"6,3";"";"0,0"
"14/09/2025";"0400";"15,6";"16,7";"15,5";"71,0";"71,0";"66,0";"10,3";"10,4";"10,3";"941,8";"942,1";"941,8";"3,7";"139,0";"9,1";"";"0,0"
"14/09/2025";"0500";"14,8";"15,6";"14,8";"72,0";"73,0";"71,0";"9,9";"10,2";"9,9";"941,4";"941,8";"941,4";"4,1";"140,0";"9,8";"";"0,0"
"14/09/2025";"0600";"14,1";"14,8";"14,1";"75,0";"75,0";"72,0";"9,6";"9,9";"9,6";"941,3";"941,5";"941,2";"3,7";"128,0";"9,8";"";"0,0"
"14/09/2025";"0700";"13,8";"14,2";"13,8";"76,0";"76,0";"74,0";"9,7";"9,7";"9,6";"941,2";"941,4";"941,1";"3,0";"145,0";"8,3";"";"0,0"
"14/09/2025";"0800";"13,7";"13,8";"13,6";"77,0";"78,0";"76,0";"9,8";"9,9";"9,7";"941,5";"941,6";"941,2";"3,6";"137,0";"8,7";"";"0,0"
"14/09/2025";"0900";"13,7";"13,9";"13,6";"79,0";"79,0";"77,0";"10,1";"10,1";"9,8";"942,0";"942,1";"941,5";"3,8";"138,0";"8,7";"";"0,0"
"14/09/2025";"1000";"13,5";"13,7";"13,3";"81,0";"83,0";"79,0";"10,4";"10,5";"10,0";"943,1";"943,1";"942,0";"2,3";"143,0";"7,5";"29,60";"0,0"
"14/09/2025";"1100";"15,2";"15,2";"13,5";"73,0";"82,0";"73,0";"10,4";"10,6";"10,3";"943,5";"943,5";"943,0";"4,3";"137,0";"9,3";"584,30";"0,0"
"14/09/2025";"1200";"17,7";"17,9";"15,0";"63,0";"74,0";"61,0";"10,5";"10,6";"10,2";"943,5";"943,6";"943,3";"3,1";"130,0";"9,0";"1458,30";"0,0"
"14/09/2025";"1300";"21,4";"21,4";"17,7";"51,0";"63,0";"51,0";"10,8";"11,0";"10,1";"943,5";"943,6";"943,5";"3,2";"113,0";"7,3";"2238,90";"0,0"
"14/09/2025";"1400";"23,6";"23,9";"21,1";"45,0";"51,0";"44,0";"11,0";"11,3";"10,4";"943,1";"943,6";"943,0";"2,9";"109,0";"7,0";"2830,10";"0,0"
"14/09/2025";"1500";"26,2";"26,9";"23,6";"39,0";"45,0";"37,0";"11,1";"11,3";"10,3";"942,1";"943,1";"942,1";"2,9";"102,0";"6,8";"3181,90";"0,0"
"14/09/2025";"1600";"28,6";"28,6";"26,2";"32,0";"39,0";"30,0";"10,0";"11,7";"9,2";"941,2";"942,1";"941,2";"1,7";"44,0";"6,8";"3266,80";"0,0"
"14/09/2025";"1700";"29,7";"30,3";"28,3";"26,0";"31,0";"20,0";"7,8";"9,8";"4,1";"940,2";"941,2";"940,2";"1,1";"350,0";"5,0";"3120,10";"0,0"
"14/09/2025";"1800";"30,6";"31,1";"29,3";"22,0";"27,0";"22,0";"6,7";"8,6";"6,1";"939,5";"940,3";"939,5";"1,9";"95,0";"4,9";"2727,60";"0,0"
"14/09/2025";"1900";"32,4";"32,4";"30,2";"19,0";"22,0";"19,0";"5,8";"6,9";"5,4";"939,0";"939,5";"939,0";"0,9";"219,0";"4,0";"2140,00";"0,0"
"14/09/2025";"2000";"31,2";"32,7";"30,8";"21,0";"22,0";"19,0";"6,5";"7,4";"5,7";"938,9";"939,1";"938,9";"0,9";"220,0";"4,0";"1362,80";"0,0"
"14/09/2025";"2100";"28,6";"31,2";"28,6";"25,0";"26,0";"21,0";"6,9";"7,3";"6,3";"939,2";"939,3";"939,0";"0,8";"145,0";"2,7";"420,80";"0,0"
"14/09/2025";"2200";"26,6";"28,6";"26,6";"29,0";"29,0";"25,0";"6,8";"7,5";"6,8";"939,7";"939,7";"939,2";"1,0";"170,0";"3,9";"18,60";"0,0"
"14/09/2025";"2300";"24,7";"26,6";"24,7";"31,0";"31,0";"28,0";"6,6";"6,7";"6,1";"940,0";"940,1";"939,7";"0,5";"163,0";"3,2";"";"0,0"
"15/09/2025";"0000";"23,4";"25,4";"23,4";"38,0";"38,0";"31,0";"8,5";"8,5";"6,5";"940,5";"940,5";"940,0";"1,0";"180,0";"5,1";"";"0,0"
"15/09/2025";"0100";"23,6";"24,2";"22,9";"38,0";"41,0";"37,0";"8,5";"8,9";"8,4";"940,8";"940,8";"940,5";"1,8";"145,0";"5,3";"";"0,0"
"15/09/2025";"0200";"22,1";"23,9";"22,1";"46,0";"46,0";"38,0";"10,1";"10,1";"8,5";"941,0";"941,0";"940,7";"2,0";"150,0";"6,9";"";"0,0"
"15/09/2025";"0300";"20,6";"22,3";"20,6";"56,0";"56,0";"46,0";"11,5";"11,5";"10,1";"941,0";"941,1";"940,9";"2,5";"154,0";"5,9";"";"0,0"
"15/09/2025";"0400";"19,3";"20,6";"19,3";"63,0";"63,0";"56,0";"12,0";"12,0";"11,5";"940,9";"941,1";"940,8";"2,8";"141,0";"6,5";"";"0,0"
"15/09/2025";"0500";"18,2";"19,3";"18,2";"69,0";"69,0";"63,0";"12,5";"12,5";"12,1";"940,8";"941,1";"940,8";"1,8";"167,0";"6,4";"";"0,0"
"15/09/2025";"0600";"16,6";"18,2";"16,6";"78,0";"78,0";"69,0";"12,7";"12,8";"12,4";"940,3";"940,9";"940,3";"1,8";"136,0";"6,1";"";"0,0"
"15/09/2025";"0700";"16,0";"16,7";"16,0";"81,0";"81,0";"77,0";"12,7";"12,8";"12,6";"939,9";"940,3";"939,9";"1,9";"154,0";"5,3";"";"0,0"
"15/09/2025";"0800";"15,1";"16,0";"15,1";"92,0";"92,0";"81,0";"13,7";"13,7";"12,6";"940,3";"940,3";"939,8";"1,8";"154,0";"5,3";"";"0,0"
"15/09/2025";"0900";"15,0";"15,1";"14,8";"95,0";"100,0";"91,0";"14,2";"15,1";"13,7";"940,5";"940,6";"940,3";"2,3";"148,0";"6,4";"";"0,0"
"15/09/2025";"1000";"15,4";"15,4";"14,7";"85,0";"99,0";"85,0";"12,9";"14,7";"12,9";"940,8";"940,9";"940,5";"2,0";"137,0";"6,4";"24,10";"0,0"
"15/09/2025";"1100";"16,9";"16,9";"15,4";"75,0";"85,0";"74,0";"12,4";"12,8";"12,1";"941,4";"941,4";"940,8";"3,4";"136,0";"6,6";"550,10";"0,0"
"15/09/2025";"1200";"19,3";"19,4";"16,8";"64,0";"75,0";"63,0";"12,4";"12,6";"11,9";"941,8";"941,9";"941,3";"3,4";"126,0";"7,4";"1386,40";"0,0"
"15/09/2025";"1300";"22,7";"23,3";"19,2";"51,0";"64,0";"49,0";"11,9";"12,5";"11,5";"941,6";"942,0";"941,6";"3,1";"124,0";"7,6";"2165,70";"0,0"
"15/09/2025";"1400";"26,9";"27,0";"22,7";"37,0";"51,0";"37,0";"11,0";"12,2";"11,0";"941,1";"941,6";"941,1";"3,4";"114,0";"7,2";"2782,80";"0,0"
"15/09/2025";"1500";"29,3";"30,3";"26,8";"32,0";"38,0";"30,0";"10,8";"11,9";"10,7";"940,5";"941,2";"940,5";"2,5";"85,0";"7,1";"3114,00";"0,0"
"15/09/2025";"1600";"30,3";"31,3";"28,8";"30,0";"34,0";"28,0";"10,7";"11,6";"10,3";"939,4";"940,5";"939,4";"2,6";"61,0";"6,5";"3189,10";"0,0"
"15/09/2025";"1700";"31,9";"32,2";"29,9";"24,0";"31,0";"23,0";"8,7";"11,3";"8,0";"938,6";"939,4";"938,6";"1,4";"355,0";"6,2";"3026,10";"0,0"
"15/09/2025";"1800";"32,2";"33,3";"31,4";"22,0";"25,0";"20,0";"8,0";"8,8";"6,3";"937,8";"938,6";"937,8";"1,1";"48,0";"5,3";"2724,00";"0,0"
"15/09/2025";"1900";"31,9";"33,0";"31,7";"22,0";"23,0";"21,0";"7,7";"8,4";"7,1";"937,3";"937,9";"937,3";"1,4";"178,0";"3,9";"2127,80";"0,0"
"15/09/2025";"2000";"32,6";"33,2";"31,9";"21,0";"22,0";"21,0";"7,7";"8,1";"7,4";"937,5";"937,5";"937,3";"0,8";"343,0";"3,3";"1358,70";"0,0"
"15/09/2025";"2100";"29,8";"32,6";"29,8";"27,0";"27,0";"21,0";"8,5";"8,7";"7,1";"937,7";"937,7";"937,5";"0,4";"93,0";"2,8";"428,80";"0,0"
"15/09/2025";"2200";"27,6";"29,8";"27,6";"30,0";"30,0";"26,0";"8,6";"8,7";"8,4";"937,9";"937,9";"937,6";"0,3";"35,0";"1,2";"18,30";"0,0"
"15/09/2025";"2300";"26,9";"27,8";"26,8";"32,0";"32,0";"30,0";"8,7";"8,8";"8,4";"938,1";"938,1";"937,9";"0,2";"310,0";"0,5";"";"0,0"
"16/09/2025";"0000";"25,3";"27,0";"25,2";"37,0";"37,0";"32,0";"9,7";"9,7";"8,7";"938,7";"938,7";"938,1";"0,7";"209,0";"2,8";"";"0,0"
"16/09/2025";"0100";"25,2";"26,1";"24,9";"37,0";"38,0";"36,0";"9,5";"9,8";"9,4";"939,1";"939,1";"938,7";"1,4";"154,0";"4,3";"";"0,0"
"16/09/2025";"0200";"23,1";"25,7";"23,1";"44,0";"44,0";"36,0";"10,2";"10,2";"9,4";"939,2";"939,4";"939,0";"1,1";"135,0";"3,3";"";"0,0"
"16/09/2025";"0300";"22,4";"23,4";"22,4";"50,0";"50,0";"43,0";"11,5";"11,5";"10,2";"939,6";"939,7";"939,1";"1,8";"164,0";"5,0";"";"0,0"
"16/09/2025";"0400";"21,1";"22,5";"21,0";"59,0";"59,0";"50,0";"12,8";"12,8";"11,5";"939,2";"939,8";"939,1";"1,7";"164,0";"5,9";"";"0,0"
"16/09/2025";"0500";"19,5";"21,1";"19,4";"68,0";"68,0";"59,0";"13,4";"13,4";"12,7";"938,4";"939,2";"938,4";"1,9";"147,0";"4,7";"";"0,0"
"16/09/2025";"0600";"18,8";"19,7";"18,8";"72,0";"72,0";"67,0";"13,7";"13,7";"13,4";"938,3";"938,5";"938,1";"2,0";"157,0";"5,5";"";"0,0"
"16/09/2025";"0700";"17,8";"18,7";"17,8";"79,0";"79,0";"72,0";"14,1";"14,1";"13,7";"938,1";"938,3";"938,1";"2,0";"144,0";"5,8";"";"0,0"
"16/09/2025";"0800";"17,7";"17,9";"17,2";"80,0";"84,0";"78,0";"14,2";"14,5";"14,0";"938,5";"938,5";"938,1";"2,1";"141,0";"5,5";"";"0,0"
"16/09/2025";"0900";"16,5";"17,7";"16,5";"100,0";"100,0";"80,0";"16,5";"16,5";"14,2";"939,4";"939,4";"938,4";"2,6";"148,0";"6,1";"";"0,0"
"16/09/2025";"1000";"16,4";"16,5";"16,1";"100,0";"100,0";"100,0";"16,4";"16,5";"16,1";"941,0";"941,1";"939,3";"2,2";"178,0";"7,4";"18,00";"0,0"
"16/09/2025";"1100";"17,3";"17,3";"16,3";"84,0";"100,0";"84,0";"14,5";"16,5";"14,5";"941,5";"941,6";"941,0";"2,5";"160,0";"8,0";"235,80";"0,0"
"16/09/2025";"1200";"19,3";"19,4";"17,3";"67,0";"83,0";"67,0";"13,0";"14,5";"13,0";"940,9";"941,7";"940,9";"2,4";"134,0";"8,4";"885,40";"0,0"
"16/09/2025";"1300";"21,9";"21,9";"19,3";"57,0";"67,0";"57,0";"12,9";"13,2";"12,6";"940,3";"940,9";"940,2";"2,2";"92,0";"5,2";"678,60";"0,0"
"16/09/2025";"1400";"27,1";"28,0";"21,9";"39,0";"57,0";"38,0";"12,2";"13,1";"11,9";"940,6";"940,7";"939,9";"1,2";"173,0";"5,6";"2284,20";"0,0"
"16/09/2025";"1500";"27,9";"29,9";"26,3";"39,0";"40,0";"34,0";"12,5";"13,0";"11,3";"940,4";"940,7";"940,4";"1,1";"217,0";"4,1";"2063,60";"0,0"
"16/09/2025";"1600";"29,4";"30,4";"27,6";"31,0";"39,0";"30,0";"10,6";"12,4";"10,6";"939,4";"940,5";"939,4";"1,7";"245,0";"5,8";"3002,50";"0,0"
"16/09/2025";"1700";"31,1";"31,9";"29,3";"28,0";"32,0";"27,0";"10,6";"11,5";"10,4";"938,5";"939,4";"938,5";"2,1";"209,0";"6,1";"2979,70";"0,0"
"16/09/2025";"1800";"30,6";"31,7";"30,1";"29,0";"32,0";"28,0";"10,4";"12,0";"10,3";"937,6";"938,6";"937,6";"1,3";"205,0";"6,1";"1914,70";"0,0"
"16/09/2025";"1900";"30,0";"30,7";"29,5";"29,0";"31,0";"28,0";"9,8";"10,9";"9,7";"937,4";"937,6";"937,3";"1,4";"184,0";"4,9";"819,60";"0,0"
"16/09/2025";"2000";"28,8";"30,0";"28,8";"31,0";"32,0";"28,0";"10,2";"10,6";"9,6";"937,5";"937,6";"937,4";"1,1";"175,0";"5,9";"612,50";"0,0"
"16/09/2025";"2100";"27,0";"28,8";"27,0";"33,0";"33,0";"29,0";"9,4";"10,1";"8,7";"937,6";"937,7";"937,4";"1,3";"179,0";"5,0";"153,50";"0,0"
"16/09/2025";"2200";"24,6";"27,0";"24,5";"40,0";"41,0";"33,0";"10,2";"10,2";"9,4";"938,1";"938,1";"937,6";"0,5";"208,0";"4,5";"29,80";"0,0"
"16/09/2025";"2300";"23,8";"24,8";"23,5";"45,0";"45,0";"40,0";"11,1";"11,1";"10,2";"938,5";"938,5";"938,1";"0,5";"135,0";"2,7";"";"0,0"
"17/09/2025";"0000";"23,5";"24,1";"23,5";"47,0";"47,0";"44,0";"11,5";"11,6";"11,0";"939,0";"939,1";"938,5";"0,2";"203,0";"2,4";"";"0,0"
"17/09/2025";"0100";"22,8";"23,8";"22,5";"50,0";"51,0";"46,0";"11,8";"11,9";"11,5";"939,4";"939,4";"939,0";"0,3";"226,0";"1,8";"";"0,0"
"17/09/2025";"0200";"22,6";"22,8";"22,3";"51,0";"52,0";"50,0";"12,0";"12,0";"11,8";"939,3";"939,4";"939,3";"0,3";"167,0";"1,5";"";"0,0"
"17/09/2025";"0300";"22,4";"22,6";"22,2";"52,0";"53,0";"51,0";"12,2";"12,2";"12,0";"939,2";"939,4";"939,1";"0,8";"166,0";"2,4";"";"0,0"
"17/09/2025";"0400";"22,2";"22,8";"22,2";"52,0";"53,0";"50,0";"11,9";"12,2";"11,8";"939,0";"939,2";"939,0";"1,1";"96,0";"2,6";"";"0,0"
"17/09/2025";"0500";"22,0";"22,2";"21,1";"54,0";"56,0";"52,0";"12,2";"12,2";"11,8";"938,6";"939,0";"938,5";"1,4";"110,0";"3,3";"";"0,0"
"17/09/2025";"0600";"21,1";"22,1";"21,1";"58,0";"58,0";"54,0";"12,6";"12,6";"12,2";"938,6";"938,7";"938,6";"0,9";"126,0";"4,6";"";"0,0"
"17/09/2025";"0700";"20,5";"21,2";"20,4";"61,0";"61,0";"58,0";"12,7";"12,7";"12,5";"938,5";"938,6";"938,5";"3,2";"122,0";"7,4";"";"0,0"
"17/09/2025";"0800";"19,6";"20,5";"19,6";"66,0";"66,0";"61,0";"13,1";"13,2";"12,8";"938,9";"938,9";"938,5";"2,1";"127,0";"8,7";"";"0,0"
"17/09/2025";"0900";"18,9";"19,7";"18,6";"71,0";"72,0";"66,0";"13,6";"13,6";"13,1";"939,3";"939,3";"938,9";"2,8";"135,0";"8,4";"";"0,0"
"17/09/2025";"1000";"18,9";"18,9";"18,5";"70,0";"73,0";"70,0";"13,4";"13,7";"13,4";"939,9";"940,1";"939,3";"3,6";"121,0";"8,4";"32,50";"0,0"
"17/09/2025";"1100";"20,6";"20,7";"18,9";"61,0";"70,0";"61,0";"12,8";"13,4";"12,8";"940,6";"940,6";"939,9";"2,1";"132,0";"8,4";"592,30";"0,0"
"17/09/2025";"1200";"22,0";"22,3";"20,6";"56,0";"61,0";"55,0";"12,8";"13,2";"12,5";"941,3";"941,4";"940,6";"3,2";"139,0";"7,7";"1460,80";"0,0"
"17/09/2025";"1300";"22,9";"23,6";"21,8";"53,0";"56,0";"51,0";"12,9";"13,1";"12,4";"941,8";"941,8";"941,3";"3,8";"136,0";"8,9";"2238,50";"0,0"
"17/09/2025";"1400";"25,6";"25,6";"23,0";"46,0";"53,0";"46,0";"13,2";"13,5";"12,7";"941,6";"941,9";"941,6";"3,4";"142,0";"7,4";"2833,00";"0,0"
"17/09/2025";"1500";"27,6";"27,7";"25,6";"40,0";"46,0";"39,0";"12,7";"13,3";"12,3";"941,2";"941,6";"941,1";"2,6";"126,0";"6,9";"3176,70";"0,0"
"17/09/2025";"1600";"29,0";"29,2";"27,0";"35,0";"40,0";"34,0";"12,0";"12,8";"11,1";"940,4";"941,2";"940,4";"2,7";"135,0";"7,2";"3262,20";"0,0"
"17/09/2025";"1700";"29,8";"31,2";"28,8";"28,0";"35,0";"27,0";"9,3";"11,9";"9,3";"939,3";"940,4";"939,3";"2,5";"133,0";"7,2";"3159,90";"0,0"
"17/09/2025";"1800";"30,4";"31,4";"29,4";"27,0";"30,0";"24,0";"9,5";"10,9";"8,2";"938,5";"939,3";"938,5";"2,4";"147,0";"6,5";"2796,50";"0,0"
"17/09/2025";"1900";"30,6";"31,3";"29,4";"25,0";"28,0";"25,0";"8,4";"9,6";"8,3";"938,2";"938,5";"938,1";"2,0";"157,0";"6,4";"2212,50";"0,0"
"17/09/2025";"2000";"28,8";"31,1";"28,8";"28,0";"28,0";"24,0";"8,3";"8,8";"8,0";"938,6";"938,6";"938,1";"2,6";"145,0";"9,2";"1456,70";"0,0"
"17/09/2025";"2100";"26,9";"28,8";"26,9";"29,0";"29,0";"27,0";"7,2";"8,2";"7,1";"939,0";"939,1";"938,6";"3,0";"149,0";"7,0";"479,10";"0,0"
"17/09/2025";"2200";"25,3";"26,9";"25,2";"32,0";"32,0";"29,0";"7,3";"7,4";"7,1";"939,3";"939,6";"938,9";"2,5";"147,0";"7,9";"20,60";"0,0"
"17/09/2025";"2300";"24,2";"25,3";"24,0";"35,0";"35,0";"32,0";"7,6";"7,8";"7,3";"940,0";"940,0";"939,3";"3,0";"135,0";"7,5";"";"0,0"
"18/09/2025";"0000";"22,5";"24,2";"22,5";"38,0";"38,0";"35,0";"7,4";"7,6";"7,4";"940,7";"940,7";"940,0";"2,6";"132,0";"7,7";"";"0,0"
"18/09/2025";"0100";"21,0";"22,6";"20,9";"44,0";"44,0";"38,0";"8,4";"8,4";"7,4";"941,2";"941,2";"940,6";"3,2";"128,0";"7,7";"";"0,0"
"18/09/2025";"0200";"19,4";"21,0";"19,4";"54,0";"54,0";"44,0";"9,8";"9,8";"8,4";"941,5";"941,6";"941,2";"2,7";"132,0";"8,5";"";"0,0"
"18/09/2025";"0300";"18,2";"19,4";"18,2";"63,0";"63,0";"54,0";"11,0";"11,0";"9,9";"941,7";"941,8";"941,5";"3,7";"135,0";"9,4";"";"0,0"
"18/09/2025";"0400";"17,0";"18,2";"17,0";"71,0";"71,0";"63,0";"11,7";"11,7";"11,0";"941,5";"941,7";"941,5";"3,0";"126,0";"9,4";"";"0,0"
"18/09/2025";"0500";"16,1";"17,0";"16,0";"80,0";"80,0";"71,0";"12,6";"12,6";"11,7";"941,2";"941,5";"941,2";"3,3";"128,0";"9,0";"";"0,0"
"18/09/2025";"0600";"15,5";"16,1";"15,4";"89,0";"91,0";"80,0";"13,7";"13,9";"12,5";"940,8";"941,2";"940,8";"3,3";"130,0";"8,5";"";"0,0"
"18/09/2025";"0700";"15,0";"15,5";"15,0";"100,0";"100,0";"89,0";"15,0";"15,1";"13,6";"940,6";"940,9";"940,5";"3,8";"128,0";"9,9";"";"0,0"
"18/09/2025";"0800";"14,6";"15,0";"14,5";"100,0";"100,0";"100,0";"14,6";"15,0";"14,5";"940,6";"940,7";"940,5";"3,8";"131,0";"9,8";"";"0,0"
"18/09/2025";"0900";"14,4";"14,7";"14,4";"100,0";"100,0";"100,0";"14,4";"14,7";"14,4";"941,4";"941,5";"940,6";"3,3";"132,0";"8,3";"";"0,0"
"18/09/2025";"1000";"14,8";"14,8";"14,2";"100,0";"100,0";"100,0";"14,8";"14,8";"14,2";"942,1";"942,1";"941,3";"3,0";"151,0";"8,3";"41,40";"0,0"
"18/09/2025";"1100";"16,8";"16,8";"14,8";"75,0";"100,0";"75,0";"12,4";"14,9";"12,4";"942,8";"943,0";"942,1";"3,7";"139,0";"9,6";"711,20";"0,0"
"18/09/2025";"1200";"18,7";"18,7";"16,8";"65,0";"75,0";"65,0";"12,0";"12,5";"11,3";"943,1";"943,3";"942,8";"4,5";"139,0";"10,1";"1642,60";"0,0"
"18/09/2025";"1300";"21,5";"21,5";"18,7";"52,0";"65,0";"52,0";"11,2";"11,7";"10,7";"943,2";"943,5";"943,1";"3,4";"137,0";"10,1";"2422,70";"0,0"
"18/09/2025";"1400";"23,5";"24,0";"21,3";"41,0";"52,0";"41,0";"9,3";"11,1";"9,3";"942,6";"943,2";"942,5";"3,2";"111,0";"8,6";"3023,60";"0,0"
"18/09/2025";"1500";"25,3";"25,7";"22,8";"32,0";"42,0";"32,0";"7,3";"9,5";"7,3";"941,6";"942,6";"941,5";"3,0";"122,0";"7,4";"3357,40";"0,0"
"18/09/2025";"1600";"27,3";"27,6";"24,8";"27,0";"33,0";"26,0";"6,8";"8,0";"6,0";"940,3";"941,6";"940,3";"2,5";"91,0";"6,5";"3423,30";"0,0"
"18/09/2025";"1700";"29,9";"30,2";"26,8";"19,0";"27,0";"19,0";"3,9";"6,6";"3,9";"939,7";"940,4";"939,7";"1,6";"169,0";"5,8";"3301,70";"0,0"
"18/09/2025";"1800";"29,9";"30,6";"28,2";"19,0";"22,0";"19,0";"4,1";"5,0";"3,4";"938,7";"939,7";"938,7";"1,6";"142,0";"4,5";"2917,90";"0,0"
"18/09/2025";"1900";"30,9";"30,9";"29,3";"18,0";"20,0";"16,0";"3,7";"4,4";"1,6";"938,3";"938,7";"938,3";"1,4";"179,0";"5,1";"2314,20";"0,0"
"18/09/2025";"2000";"29,9";"30,9";"29,7";"19,0";"19,0";"16,0";"3,8";"3,9";"1,9";"938,0";"938,4";"938,0";"1,4";"176,0";"5,2";"1516,50";"0,0"
"18/09/2025";"2100";"27,6";"29,9";"27,6";"21,0";"22,0";"19,0";"3,6";"4,3";"3,3";"938,4";"938,4";"938,0";"1,4";"159,0";"4,8";"489,90";"0,0"
"18/09/2025";"2200";"25,0";"27,5";"25,0";"27,0";"27,0";"22,0";"4,5";"4,6";"3,4";"938,7";"938,7";"938,3";"0,3";"181,0";"4,8";"17,70";"0,0"
"18/09/2025";"2300";"24,3";"25,1";"24,3";"34,0";"34,0";"27,0";"7,4";"7,4";"4,5";"939,1";"939,1";"938,7";"1,1";"162,0";"4,0";"";"0,0"
"19/09/2025";"0000";"23,4";"24,3";"23,3";"41,0";"41,0";"34,0";"9,4";"9,4";"7,5";"939,3";"939,3";"939,0";"1,5";"144,0";"4,8";"";"0,0"
"19/09/2025";"0100";"22,0";"23,5";"21,5";"50,0";"51,0";"41,0";"11,1";"11,2";"9,4";"939,9";"940,1";"939,3";"1,9";"160,0";"5,6";"";"0,0"
"19/09/2025";"0200";"20,4";"22,0";"20,4";"58,0";"58,0";"50,0";"11,9";"12,0";"11,0";"940,0";"940,1";"939,9";"2,8";"156,0";"7,0";"";"0,0"
"19/09/2025";"0300";"18,7";"20,5";"18,7";"66,0";"66,0";"58,0";"12,3";"12,3";"11,9";"939,8";"940,1";"939,8";"2,8";"147,0";"7,5";"";"0,0"
"19/09/2025";"0400";"18,0";"18,9";"17,9";"71,0";"71,0";"66,0";"12,7";"12,7";"12,3";"939,5";"939,9";"939,5";"2,6";"152,0";"7,5";"";"0,0"
"19/09/2025";"0500";"17,0";"18,0";"17,0";"76,0";"76,0";"71,0";"12,7";"12,8";"12,6";"939,6";"939,7";"939,4";"2,2";"156,0";"7,4";"";"0,0"
"19/09/2025";"0600";"16,2";"17,1";"16,2";"82,0";"82,0";"76,0";"13,2";"13,2";"12,7";"939,3";"939,7";"939,3";"1,9";"162,0";"6,9";"";"0,0"
"19/09/2025";"0700";"16,0";"16,2";"16,0";"83,0";"84,0";"82,0";"13,1";"13,4";"13,0";"939,1";"939,3";"939,0";"2,2";"158,0";"6,5";"";"0,0"
"19/09/2025";"0800";"15,4";"16,0";"15,4";"89,0";"89,0";"83,0";"13,7";"13,7";"13,0";"939,4";"939,4";"939,0";"2,1";"155,0";"6,8";"";"0,0"
"19/09/2025";"0900";"15,2";"15,6";"15,1";"100,0";"100,0";"87,0";"15,2";"15,2";"13,4";"940,0";"940,1";"939,4";"2,7";"146,0";"7,0";"";"0,0"
"19/09/2025";"1000";"15,4";"15,4";"15,1";"98,0";"100,0";"96,0";"15,1";"15,3";"14,7";"940,4";"940,5";"940,0";"2,6";"146,0";"8,0";"38,70";"0,0"
"19/09/2025";"1100";"16,3";"16,6";"15,4";"84,0";"100,0";"81,0";"13,6";"15,4";"13,3";"940,8";"940,9";"940,4";"3,2";"128,0";"8,4";"305,30";"0,0"
"19/09/2025";"1200";"19,2";"19,2";"16,3";"67,0";"84,0";"67,0";"12,9";"13,8";"12,7";"941,5";"941,6";"940,8";"2,8";"138,0";"7,3";"1235,20";"0,0"
"19/09/2025";"1300";"22,9";"22,9";"19,0";"52,0";"68,0";"52,0";"12,4";"13,1";"12,2";"941,9";"942,0";"941,6";"2,3";"129,0";"5,6";"1867,50";"0,0"
"19/09/2025";"1400";"26,8";"26,9";"22,4";"37,0";"53,0";"37,0";"10,9";"12,8";"10,9";"941,3";"941,9";"941,2";"2,1";"111,0";"5,8";"2899,80";"0,0"
"19/09/2025";"1500";"30,5";"31,0";"26,3";"25,0";"38,0";"23,0";"8,3";"11,0";"7,1";"940,8";"941,3";"940,7";"0,9";"30,0";"4,2";"3174,50";"0,0"
"19/09/2025";"1600";"30,5";"31,3";"29,3";"22,0";"26,0";"22,0";"6,2";"8,7";"6,2";"939,6";"940,8";"939,6";"2,1";"49,0";"4,0";"3039,20";"0,0"
"19/09/2025";"1700";"31,7";"32,8";"30,4";"21,0";"22,0";"15,0";"6,4";"7,0";"1,7";"938,9";"939,6";"938,9";"1,7";"18,0";"5,5";"2831,40";"0,0"
"19/09/2025";"1800";"33,3";"33,7";"31,4";"17,0";"21,0";"17,0";"5,1";"7,2";"4,7";"938,0";"938,9";"937,9";"1,6";"274,0";"4,8";"2665,90";"0,0"
"19/09/2025";"1900";"33,7";"34,0";"32,6";"16,0";"18,0";"16,0";"4,4";"5,5";"3,9";"937,5";"938,0";"937,5";"1,6";"329,0";"5,2";"1927,90";"0,0"
"19/09/2025";"2000";"33,2";"33,7";"32,9";"16,0";"17,0";"16,0";"4,4";"5,0";"4,1";"937,6";"937,6";"937,4";"1,8";"265,0";"5,1";"1353,30";"0,0"
"19/09/2025";"2100";"31,4";"33,2";"31,3";"20,0";"20,0";"16,0";"5,5";"5,8";"4,4";"937,7";"937,7";"937,6";"2,0";"284,0";"5,2";"444,40";"0,0"
"19/09/2025";"2200";"28,3";"31,3";"28,3";"26,0";"26,0";"20,0";"6,7";"6,8";"5,4";"938,0";"938,1";"937,7";"0,4";"289,0";"4,1";"22,30";"0,0"
"19/09/2025";"2300";"27,2";"28,3";"27,2";"28,0";"28,0";"26,0";"7,0";"7,1";"6,7";"938,7";"938,8";"938,0";"0,3";"193,0";"1,3";"";"0,0"
"20/09/2025";"0000";"26,1";"27,2";"26,0";"30,0";"31,0";"28,0";"7,4";"7,5";"7,0";"939,0";"939,1";"938,7";"0,5";"157,0";"2,4";"";"0,0"
"20/09/2025";"0100";"25,7";"26,7";"25,4";"32,0";"32,0";"29,0";"7,6";"7,7";"7,2";"939,8";"939,8";"939,0";"0,7";"52,0";"2,4";"";"0,0"
"20/09/2025";"0200";"25,3";"26,5";"25,3";"32,0";"32,0";"29,0";"7,6";"7,7";"7,2";"939,7";"939,9";"939,7";"0,6";"23,0";"1,5";"";"0,0"
"20/09/2025";"0300";"24,9";"25,5";"24,9";"33,0";"33,0";"32,0";"7,6";"7,7";"7,4";"939,7";"939,9";"939,7";"0,5";"106,0";"1,4";"";"0,0"
"20/09/2025";"0400";"24,9";"25,7";"24,8";"33,0";"33,0";"31,0";"7,3";"7,6";"7,1";"939,3";"939,7";"939,2";"0,7";"105,0";"1,5";"";"0,0"
"20/09/2025";"0500";"25,2";"25,5";"24,5";"31,0";"33,0";"30,0";"6,9";"7,3";"6,7";"939,0";"939,3";"939,0";"1,1";"21,0";"1,8";"";"0,0"
"20/09/2025";"0600";"25,4";"25,5";"24,7";"32,0";"32,0";"30,0";"7,3";"7,3";"6,7";"938,8";"939,0";"938,8";"1,1";"37,0";"2,0";"";"0,0"
"20/09/2025";"0700";"23,8";"25,4";"23,6";"36,0";"37,0";"32,0";"8,0";"8,0";"7,3";"939,1";"939,2";"938,9";"2,5";"24,0";"7,1";"";"0,0"
"20/09/2025";"0800";"22,3";"23,8";"22,2";"51,0";"51,0";"36,0";"11,5";"11,5";"8,0";"939,1";"939,2";"939,0";"2,9";"22,0";"7,3";"";"0,0"
"20/09/2025";"0900";"21,8";"22,3";"21,8";"59,0";"59,0";"51,0";"13,5";"13,5";"11,5";"939,5";"939,5";"939,1";"2,9";"20,0";"7,4";"";"0,0"
"20/09/2025";"1000";"21,8";"21,8";"21,7";"62,0";"62,0";"59,0";"14,3";"14,3";"13,5";"939,8";"939,9";"939,4";"2,6";"23,0";"7,0";"48,90";"0,0"
"20/09/2025";"1100";"22,2";"22,2";"21,7";"62,0";"63,0";"62,0";"14,6";"14,6";"14,3";"940,9";"940,9";"939,8";"2,8";"21,0";"7,7";"426,90";"0,0"
"20/09/2025";"1200";"24,1";"24,1";"22,2";"55,0";"62,0";"55,0";"14,6";"14,7";"14,3";"941,4";"941,4";"940,8";"3,0";"22,0";"8,1";"1287,50";"0,0"
"20/09/2025";"1300";"26,0";"26,1";"23,9";"49,0";"56,0";"49,0";"14,6";"14,9";"14,4";"940,7";"941,4";"940,6";"3,5";"1,0";"8,7";"2130,70";"0,0"
"20/09/2025";"1400";"28,7";"28,7";"26,0";"42,0";"49,0";"42,0";"14,5";"14,9";"14,2";"940,4";"940,7";"940,3";"3,4";"4,0";"7,9";"2723,40";"0,0"
"20/09/2025";"1500";"29,7";"30,7";"28,1";"39,0";"43,0";"37,0";"14,2";"15,0";"14,0";"939,6";"940,3";"939,5";"2,9";"15,0";"9,4";"3052,00";"0,0"
"20/09/2025";"1600";"31,9";"31,9";"29,3";"33,0";"40,0";"33,0";"13,8";"14,5";"13,2";"938,2";"939,6";"938,2";"2,9";"356,0";"8,4";"3172,10";"0,0"
"20/09/2025";"1700";"32,0";"33,1";"31,5";"30,0";"33,0";"28,0";"12,1";"13,8";"11,4";"937,1";"938,2";"937,1";"3,1";"12,0";"8,4";"3067,60";"0,0"
"20/09/2025";"1800";"33,8";"33,9";"32,0";"25,0";"30,0";"24,0";"10,9";"12,6";"10,3";"935,9";"937,1";"935,9";"2,9";"336,0";"8,7";"2589,00";"0,0"
"20/09/2025";"1900";"32,5";"34,3";"32,1";"27,0";"27,0";"24,0";"11,3";"11,5";"10,0";"935,1";"936,0";"935,1";"2,0";"353,0";"6,8";"1456,90";"0,0"
"20/09/2025";"2000";"33,1";"33,5";"32,2";"25,0";"28,0";"25,0";"10,7";"11,8";"10,5";"934,7";"935,1";"934,7";"2,0";"330,0";"8,1";"1209,30";"0,0"
"20/09/2025";"2100";"31,5";"33,1";"31,5";"29,0";"29,0";"25,0";"11,2";"11,3";"10,5";"934,8";"934,9";"934,6";"2,0";"357,0";"6,6";"450,20";"0,0"
"20/09/2025";"2200";"30,2";"31,5";"30,1";"32,0";"32,0";"29,0";"11,6";"11,6";"11,2";"935,4";"935,5";"934,9";"1,1";"357,0";"4,7";"21,90";"0,0"
"20/09/2025";"2300";"29,8";"30,3";"29,6";"32,0";"33,0";"31,0";"11,5";"11,6";"11,3";"935,8";"935,8";"935,4";"1,5";"14,0";"4,2";"";"0,0"
"21/09/2025";"0000";"29,2";"29,8";"29,1";"34,0";"35,0";"32,0";"11,9";"11,9";"11,5";"936,0";"936,0";"935,7";"1,4";"18,0";"3,8";"";"0,0"
"21/09/2025";"0100";"28,9";"29,2";"28,7";"36,0";"36,0";"34,0";"12,1";"12,1";"11,9";"936,4";"936,4";"936,0";"1,3";"30,0";"3,4";"";"0,0"
"21/09/2025";"0200";"28,1";"28,8";"28,1";"37,0";"37,0";"36,0";"12,2";"12,3";"12,0";"936,1";"936,4";"936,1";"1,3";"29,0";"3,8";"";"0,0"
"21/09/2025";"0300";"28,1";"28,4";"28,0";"37,0";"38,0";"37,0";"12,1";"12,4";"12,1";"936,1";"936,2";"936,0";"1,9";"26,0";"4,3";"";"0,0"
"21/09/2025";"0400";"27,8";"28,2";"27,7";"38,0";"38,0";"37,0";"12,1";"12,1";"12,0";"935,8";"936,2";"935,8";"1,9";"28,0";"5,7";"";"0,0"
"21/09/2025";"0500";"26,7";"27,8";"26,7";"41,0";"41,0";"38,0";"12,2";"12,3";"12,0";"935,5";"935,8";"935,5";"2,0";"29,0";"6,0";"";"0,0"
"21/09/2025";"0600";"25,5";"26,7";"25,4";"45,0";"45,0";"41,0";"12,7";"12,7";"12,2";"935,4";"935,7";"935,4";"1,6";"353,0";"4,6";"";"0,0"
"21/09/2025";"0700";"24,9";"25,7";"24,9";"47,0";"47,0";"45,0";"12,9";"13,1";"12,6";"934,8";"935,4";"934,8";"2,5";"20,0";"5,5";"";"0,0"
"21/09/2025";"0800";"23,7";"24,9";"23,7";"53,0";"53,0";"47,0";"13,4";"13,4";"12,9";"934,6";"935,0";"934,6";"1,8";"348,0";"5,7";"";"0,0"
"21/09/2025";"0900";"22,9";"23,8";"22,9";"55,0";"55,0";"53,0";"13,4";"13,6";"13,4";"934,8";"934,9";"934,5";"2,1";"13,0";"5,4";"";"0,0"
"21/09/2025";"1000";"22,4";"22,9";"22,0";"58,0";"59,0";"55,0";"13,7";"13,8";"13,4";"935,0";"935,1";"934,7";"1,8";"359,0";"6,2";"42,10";"0,0"
"21/09/2025";"1100";"24,1";"24,1";"22,3";"56,0";"58,0";"56,0";"14,8";"14,8";"13,6";"935,2";"935,3";"934,8";"1,9";"13,0";"5,9";"595,70";"0,0"
"21/09/2025";"1200";"26,1";"26,5";"24,1";"52,0";"56,0";"51,0";"15,5";"15,6";"14,5";"935,3";"935,5";"935,2";"2,4";"351,0";"6,0";"1437,70";"0,0"
"21/09/2025";"1300";"29,3";"29,3";"26,1";"44,0";"52,0";"44,0";"15,9";"16,2";"15,4";"935,5";"935,7";"935,2";"3,0";"324,0";"7,3";"2194,80";"0,0"
"21/09/2025";"1400";"30,9";"31,3";"28,9";"40,0";"45,0";"39,0";"15,5";"16,0";"15,2";"935,6";"935,6";"935,5";"3,2";"321,0";"8,6";"2374,40";"0,0"
"21/09/2025";"1500";"31,7";"32,7";"30,6";"37,0";"40,0";"35,0";"15,4";"15,8";"14,8";"934,9";"935,6";"934,9";"3,9";"327,0";"10,7";"2546,20";"0,0"
"21/09/2025";"1600";"32,4";"33,3";"31,6";"35,0";"37,0";"34,0";"15,1";"15,6";"14,9";"933,7";"934,9";"933,5";"3,8";"332,0";"9,9";"2427,40";"0,0"
"21/09/2025";"1700";"33,9";"34,6";"32,4";"31,0";"35,0";"31,0";"14,4";"15,5";"14,4";"932,4";"933,6";"932,4";"3,3";"322,0";"10,3";"2280,30";"0,0"
"21/09/2025";"1800";"33,3";"35,2";"33,2";"31,0";"31,0";"28,0";"13,7";"14,4";"13,2";"930,9";"932,4";"930,9";"3,8";"327,0";"11,3";"2345,10";"0,0"
"21/09/2025";"1900";"33,0";"34,2";"33,0";"31,0";"31,0";"28,0";"13,4";"14,0";"13,1";"930,5";"931,0";"930,3";"3,3";"325,0";"11,0";"1615,60";"0,0"
"21/09/2025";"2000";"32,4";"33,7";"32,4";"31,0";"31,0";"29,0";"13,2";"13,7";"13,0";"930,3";"930,7";"930,0";"2,4";"334,0";"10,0";"705,80";"0,0"
"21/09/2025";"2100";"31,3";"32,4";"31,3";"33,0";"33,0";"31,0";"13,2";"13,3";"13,0";"930,8";"930,9";"930,1";"2,5";"322,0";"8,2";"44,90";"0,0"
"21/09/2025";"2200";"28,7";"31,4";"28,7";"45,0";"45,0";"33,0";"15,6";"15,6";"13,2";"931,7";"931,8";"930,9";"1,5";"306,0";"8,2";"60,60";"0,0"
"21/09/2025";"2300";"27,9";"28,6";"27,8";"48,0";"49,0";"45,0";"15,9";"16,0";"15,2";"932,2";"932,2";"931,7";"1,8";"329,0";"4,2";"";"0,0"
"22/09/2025";"0000";"28,2";"28,2";"26,9";"44,0";"52,0";"44,0";"14,7";"16,3";"14,7";"932,4";"932,6";"932,2";"1,8";"334,0";"5,2";"";"0,0"
"22/09/2025";"0100";"27,4";"28,3";"27,4";"47,0";"47,0";"44,0";"15,1";"15,1";"14,7";"932,7";"932,8";"932,3";"1,8";"333,0";"7,7";"";"0,0"
"22/09/2025";"0200";"27,7";"27,8";"27,1";"46,0";"48,0";"46,0";"15,0";"15,2";"15,0";"932,5";"932,8";"932,4";"2,5";"324,0";"9,8";"";"0,0"
"22/09/2025";"0300";"26,9";"27,8";"26,9";"50,0";"50,0";"45,0";"15,6";"15,6";"14,8";"932,8";"932,9";"932,4";"2,8";"360,0";"7,8";"";"0,0"
"22/09/2025";"0400";"26,7";"26,9";"26,5";"52,0";"52,0";"50,0";"16,0";"16,0";"15,6";"932,0";"932,8";"932,0";"2,2";"335,0";"8,2";"";"0,0"
"22/09/2025";"0500";"26,2";"26,8";"26,2";"52,0";"53,0";"51,0";"15,7";"16,0";"15,6";"931,1";"932,1";"931,1";"2,4";"350,0";"8,9";"";"0,0"
"22/09/2025";"0600";"26,2";"26,4";"26,0";"53,0";"53,0";"51,0";"15,7";"15,8";"15,5";"931,4";"931,5";"931,1";"3,2";"329,0";"8,9";"";"0,0"
"22/09/2025";"0700";"25,6";"26,2";"25,5";"56,0";"56,0";"53,0";"16,0";"16,0";"15,7";"931,9";"931,9";"931,4";"2,9";"304,0";"8,8";"";"0,0"
"22/09/2025";"0800";"24,7";"25,6";"24,5";"61,0";"62,0";"55,0";"16,5";"16,8";"15,9";"931,7";"931,9";"931,4";"1,9";"289,0";"8,9";"";"0,0"
"22/09/2025";"0900";"24,9";"25,0";"24,4";"59,0";"62,0";"59,0";"16,5";"16,8";"16,5";"931,3";"931,9";"931,3";"2,8";"332,0";"7,5";"";"0,0"
"22/09/2025";"1000";"24,9";"25,0";"24,8";"60,0";"60,0";"59,0";"16,6";"16,6";"16,4";"931,4";"931,4";"931,2";"3,3";"333,0";"8,7";"29,10";"0,0"
"22/09/2025";"1100";"25,9";"25,9";"24,9";"57,0";"60,0";"57,0";"16,8";"16,8";"16,6";"931,9";"932,0";"931,3";"3,0";"335,0";"10,1";"433,60";"0,0"
"22/09/2025";"1200";"27,1";"27,1";"25,9";"54,0";"57,0";"54,0";"17,0";"17,1";"16,7";"932,8";"932,9";"931,9";"3,3";"321,0";"10,0";"961,70";"0,0"
"22/09/2025";"1300";"29,0";"29,0";"27,2";"46,0";"54,0";"46,0";"16,3";"17,2";"16,2";"933,2";"933,4";"932,8";"4,5";"310,0";"11,8";"995,30";"0,0"
"22/09/2025";"1400";"30,1";"30,8";"29,0";"42,0";"46,0";"41,0";"15,7";"16,4";"15,6";"933,1";"933,3";"933,0";"4,5";"299,0";"13,4";"1432,80";"0,0"
"22/09/2025";"1500";"21,0";"31,5";"20,2";"100,0";"100,0";"36,0";"21,0";"21,0";"11,6";"935,5";"935,5";"932,8";"4,6";"257,0";"24,0";"1286,30";"1,2"
"22/09/2025";"1600";"24,1";"24,4";"21,0";"63,0";"100,0";"62,0";"16,7";"21,6";"16,7";"933,9";"935,5";"933,9";"3,0";"223,0";"12,4";"2188,30";"0,0"
"22/09/2025";"1700";"26,3";"27,1";"24,1";"43,0";"64,0";"43,0";"12,8";"17,7";"12,6";"934,1";"934,2";"933,6";"4,6";"251,0";"13,8";"3094,40";"0,0"
"22/09/2025";"1800";"22,0";"26,4";"22,0";"62,0";"62,0";"43,0";"14,5";"14,5";"12,6";"934,9";"934,9";"933,7";"4,2";"252,0";"12,0";"773,30";"0,0"
"22/09/2025";"1900";"18,1";"22,0";"18,1";"100,0";"100,0";"62,0";"18,1";"19,2";"14,6";"933,6";"935,5";"933,5";"2,2";"221,0";"11,3";"238,30";"2,4"
"22/09/2025";"2000";"18,2";"18,8";"18,1";"100,0";"100,0";"100,0";"18,2";"18,8";"18,1";"935,0";"935,4";"933,6";"3,0";"312,0";"7,8";"160,60";"1,0"
"22/09/2025";"2100";"18,8";"18,9";"18,2";"100,0";"100,0";"100,0";"18,8";"18,9";"18,3";"935,7";"935,8";"934,6";"2,4";"291,0";"6,8";"155,50";"0,6"
"22/09/2025";"2200";"18,5";"19,0";"18,5";"100,0";"100,0";"100,0";"18,5";"19,0";"18,5";"936,7";"936,8";"935,4";"3,3";"285,0";"7,4";"26,30";"0,0"
"22/09/2025";"2300";"18,3";"18,5";"18,3";"100,0";"100,0";"100,0";"18,3";"18,5";"18,3";"938,5";"938,5";"936,7";"3,2";"281,0";"8,5";"";"0,0"
"23/09/2025";"0000";"18,3";"18,4";"18,1";"100,0";"100,0";"100,0";"18,3";"18,4";"18,1";"939,4";"939,4";"937,3";"1,7";"287,0";"7,1";"";"0,0"
"23/09/2025";"0100";"18,3";"18,3";"18,1";"100,0";"100,0";"100,0";"18,3";"18,3";"18,1";"939,6";"939,6";"938,6";"2,6";"286,0";"5,9";"";"0,0"
"23/09/2025";"0200";"18,1";"18,4";"18,1";"100,0";"100,0";"100,0";"18,1";"18,4";"18,1";"940,1";"940,2";"939,2";"1,7";"267,0";"5,6";"";"0,0"
"23/09/2025";"0300";"17,6";"18,1";"17,6";"100,0";"100,0";"100,0";"17,6";"18,1";"17,6";"939,9";"940,2";"939,9";"1,9";"275,0";"5,0";"";"0,0"
"23/09/2025";"0400";"16,4";"17,6";"16,3";"100,0";"100,0";"100,0";"16,4";"17,6";"16,4";"939,9";"940,1";"939,9";"0,5";"214,0";"3,3";"";"0,2"
"23/09/2025";"0500";"15,8";"16,6";"15,6";"100,0";"100,0";"100,0";"15,8";"16,6";"15,6";"939,9";"940,1";"939,8";"0,3";"267,0";"1,4";"";"0,0"
"23/09/2025";"0600";"16,0";"16,1";"15,4";"100,0";"100,0";"100,0";"16,0";"16,1";"15,4";"939,9";"940,0";"939,8";"1,0";"350,0";"2,2";"";"0,0"
"23/09/2025";"0700";"15,3";"16,2";"15,3";"100,0";"100,0";"100,0";"15,3";"16,1";"15,3";"939,4";"939,9";"939,4";"0,3";"305,0";"2,2";"";"0,0"
"23/09/2025";"0800";"15,0";"15,9";"14,9";"100,0";"100,0";"100,0";"15,0";"15,9";"14,9";"940,1";"940,1";"939,4";"0,3";"235,0";"2,1";"";"0,0"
"23/09/2025";"0900";"15,5";"15,5";"14,6";"100,0";"100,0";"100,0";"15,5";"15,5";"14,6";"940,5";"940,5";"940,1";"0,6";"206,0";"1,7";"";"0,0"
"23/09/2025";"1000";"14,7";"15,4";"14,4";"100,0";"100,0";"100,0";"14,7";"15,4";"14,4";"941,2";"941,3";"940,5";"0,9";"145,0";"2,0";"37,20";"0,2"
"23/09/2025";"1100";"15,3";"15,4";"14,6";"100,0";"100,0";"100,0";"15,3";"15,4";"14,6";"942,3";"942,3";"941,1";"1,3";"174,0";"3,9";"276,80";"0,0"
"23/09/2025";"1200";"16,0";"16,0";"15,0";"100,0";"100,0";"100,0";"16,0";"16,0";"15,0";"942,9";"943,0";"942,3";"2,3";"143,0";"5,8";"516,20";"0,0"
"23/09/2025";"1300";"17,5";"18,1";"15,9";"100,0";"100,0";"100,0";"17,5";"18,0";"15,9";"943,6";"943,6";"942,9";"3,0";"142,0";"5,5";"1283,50";"0,0"
"23/09/2025";"1400";"20,4";"20,5";"17,5";"74,0";"100,0";"74,0";"15,7";"18,9";"15,5";"943,9";"944,0";"943,6";"2,5";"148,0";"6,2";"2235,80";"0,0"
"23/09/2025";"1500";"22,1";"22,6";"20,3";"59,0";"78,0";"57,0";"13,8";"17,5";"13,0";"943,4";"944,0";"943,4";"2,2";"89,0";"6,1";"3291,20";"0,0"
"23/09/2025";"1600";"23,9";"25,0";"22,1";"41,0";"59,0";"41,0";"10,0";"14,0";"10,0";"942,7";"943,4";"942,7";"2,3";"130,0";"5,8";"3624,90";"0,0"
"23/09/2025";"1700";"25,3";"26,6";"23,8";"37,0";"45,0";"30,0";"9,6";"11,4";"5,8";"941,9";"942,7";"941,9";"1,6";"97,0";"5,7";"3472,70";"0,0"
"23/09/2025";"1800";"26,7";"27,7";"25,3";"30,0";"37,0";"28,0";"7,5";"9,6";"6,5";"941,3";"941,9";"941,3";"2,3";"106,0";"6,0";"3040,20";"0,0"
"23/09/2025";"1900";"28,0";"28,4";"26,7";"25,0";"30,0";"24,0";"6,4";"8,0";"5,5";"940,9";"941,3";"940,8";"1,3";"111,0";"4,8";"2404,80";"0,0"
"23/09/2025";"2000";"27,0";"28,3";"27,0";"27,0";"29,0";"25,0";"6,4";"7,8";"5,6";"940,8";"940,9";"940,7";"1,5";"152,0";"4,7";"1587,30";"0,0"
"23/09/2025";"2100";"25,1";"28,1";"25,1";"32,0";"32,0";"26,0";"7,3";"7,3";"5,8";"941,1";"941,1";"940,7";"1,3";"158,0";"5,3";"494,20";"0,0"
"23/09/2025";"2200";"23,1";"25,1";"23,1";"35,0";"35,0";"31,0";"6,8";"7,5";"6,3";"941,4";"941,4";"941,1";"0,9";"167,0";"4,5";"21,30";"0,0"
"23/09/2025";"2300";"21,7";"23,1";"21,7";"45,0";"46,0";"35,0";"9,4";"9,5";"6,8";"942,1";"942,1";"941,4";"2,6";"165,0";"6,7";"";"0,0"
"24/09/2025";"0000";"20,5";"21,7";"20,5";"52,0";"52,0";"45,0";"10,3";"10,3";"9,4";"942,8";"942,9";"942,1";"1,5";"150,0";"6,7";"";"0,0"
"24/09/2025";"0100";"18,7";"20,7";"18,7";"61,0";"61,0";"51,0";"11,1";"11,1";"10,2";"943,4";"943,5";"942,8";"0,9";"191,0";"4,5";"";"0,0"
"24/09/2025";"0200";"18,4";"19,4";"18,4";"65,0";"66,0";"59,0";"11,8";"11,9";"11,0";"944,0";"944,1";"943,4";"1,8";"162,0";"5,8";"";"0,0"
"24/09/2025";"0300";"17,0";"18,6";"17,0";"72,0";"72,0";"65,0";"11,9";"12,0";"11,7";"944,3";"944,4";"944,0";"1,4";"196,0";"7,4";"";"0,0"
"24/09/2025";"0400";"16,4";"17,0";"16,4";"72,0";"75,0";"71,0";"11,4";"12,0";"11,4";"944,3";"944,4";"944,2";"2,3";"155,0";"6,4";"";"0,0"
"24/09/2025";"0500";"15,5";"16,4";"15,5";"74,0";"74,0";"72,0";"11,0";"11,4";"11,0";"944,4";"944,5";"944,3";"2,7";"148,0";"7,1";"";"0,0"
"24/09/2025";"0600";"14,6";"15,7";"14,6";"76,0";"77,0";"73,0";"10,5";"11,0";"10,5";"944,7";"944,8";"944,3";"2,5";"163,0";"8,3";"";"0,0"
"24/09/2025";"0700";"14,0";"14,6";"13,9";"74,0";"77,0";"74,0";"9,4";"10,5";"9,4";"944,9";"945,0";"944,7";"2,1";"157,0";"8,0";"";"0,0"
"24/09/2025";"0800";"13,2";"14,0";"13,2";"76,0";"77,0";"73,0";"9,2";"9,4";"9,1";"945,1";"945,2";"944,9";"2,2";"158,0";"6,0";"";"0,0"
"24/09/2025";"0900";"13,0";"13,3";"12,9";"80,0";"80,0";"76,0";"9,6";"9,6";"9,1";"945,5";"945,5";"945,1";"3,0";"149,0";"8,3";"";"0,0"
"24/09/2025";"1000";"13,0";"13,0";"12,8";"85,0";"85,0";"80,0";"10,4";"10,4";"9,6";"946,1";"946,2";"945,4";"2,7";"142,0";"8,2";"69,00";"0,0"
"24/09/2025";"1100";"15,7";"15,8";"12,9";"69,0";"85,0";"68,0";"10,0";"10,6";"9,6";"946,9";"947,0";"946,1";"2,1";"157,0";"6,1";"749,40";"0,0"
"24/09/2025";"1200";"18,8";"18,8";"15,6";"58,0";"70,0";"58,0";"10,3";"10,8";"9,9";"947,5";"947,5";"946,9";"3,1";"142,0";"6,5";"1668,50";"0,0"
"24/09/2025";"1300";"20,6";"20,7";"18,3";"52,0";"60,0";"52,0";"10,3";"10,9";"9,6";"948,3";"948,3";"947,5";"3,4";"152,0";"9,5";"2435,50";"0,0"
"24/09/2025";"1400";"24,0";"24,4";"20,5";"42,0";"52,0";"42,0";"10,4";"11,1";"9,7";"948,1";"948,4";"948,0";"3,1";"138,0";"9,1";"3047,30";"0,0"
"24/09/2025";"1500";"26,3";"26,5";"23,0";"34,0";"45,0";"34,0";"9,3";"11,0";"9,2";"947,7";"948,2";"947,7";"2,7";"160,0";"8,5";"3405,00";"0,0"
"24/09/2025";"1600";"28,0";"29,0";"25,4";"31,0";"36,0";"30,0";"9,2";"10,3";"8,5";"947,2";"947,7";"947,2";"1,9";"203,0";"6,8";"3470,80";"0,0"
"24/09/2025";"1700";"28,9";"28,9";"26,6";"31,0";"35,0";"30,0";"10,2";"10,5";"8,9";"946,6";"947,3";"946,6";"2,4";"158,0";"7,3";"3308,70";"0,0"
"24/09/2025";"1800";"29,7";"30,3";"28,3";"30,0";"32,0";"28,0";"10,4";"10,6";"9,3";"945,8";"946,6";"945,8";"1,9";"167,0";"7,1";"2904,20";"0,0"
"24/09/2025";"1900";"28,6";"29,7";"27,6";"32,0";"35,0";"30,0";"10,4";"11,1";"9,9";"945,3";"945,8";"945,3";"1,9";"167,0";"7,6";"2312,80";"0,0"
"24/09/2025";"2000";"27,3";"29,1";"27,3";"36,0";"36,0";"31,0";"10,8";"10,8";"9,5";"945,0";"945,4";"945,0";"2,4";"162,0";"7,2";"1539,40";"0,0"
"24/09/2025";"2100";"24,4";"27,4";"24,4";"46,0";"46,0";"36,0";"12,0";"12,0";"10,7";"945,1";"945,2";"945,0";"3,4";"151,0";"10,7";"471,90";"0,0"
"24/09/2025";"2200";"21,4";"24,4";"21,4";"57,0";"57,0";"46,0";"12,5";"12,6";"12,0";"945,5";"945,6";"945,2";"3,5";"150,0";"10,7";"26,60";"0,0"
"24/09/2025";"2300";"18,9";"21,4";"18,9";"67,0";"67,0";"57,0";"12,6";"12,6";"12,4";"946,4";"946,4";"945,5";"4,2";"150,0";"10,9";"";"0,0"
"25/09/2025";"0000";"17,6";"19,0";"17,6";"72,0";"72,0";"67,0";"12,5";"12,7";"12,5";"946,9";"946,9";"946,3";"4,3";"149,0";"12,5";"";"0,0"
"25/09/2025";"0100";"16,7";"17,6";"16,7";"77,0";"77,0";"72,0";"12,6";"12,6";"12,5";"947,4";"947,5";"946,9";"3,0";"160,0";"12,5";"";"0,0"
"25/09/2025";"0200";"16,1";"16,7";"16,1";"77,0";"78,0";"77,0";"12,1";"12,6";"12,1";"948,0";"948,0";"947,4";"3,8";"156,0";"10,1";"";"0,0"
"25/09/2025";"0300";"15,9";"16,1";"15,9";"76,0";"78,0";"76,0";"11,7";"12,1";"11,7";"948,4";"948,5";"947,9";"4,2";"149,0";"10,4";"";"0,0"
"25/09/2025";"0400";"15,5";"15,9";"15,5";"77,0";"78,0";"76,0";"11,6";"11,7";"11,6";"947,8";"948,4";"947,7";"4,0";"151,0";"10,6";"";"0,0"
"25/09/2025";"0500";"15,2";"15,6";"15,2";"78,0";"78,0";"77,0";"11,4";"11,6";"11,4";"947,1";"947,8";"947,0";"2,7";"161,0";"11,1";"";"0,0"
"25/09/2025";"0600";"15,0";"15,2";"15,0";"79,0";"79,0";"78,0";"11,3";"11,4";"11,3";"946,5";"947,1";"946,5";"3,4";"152,0";"9,4";"";"0,0"
"25/09/2025";"0700";"14,9";"15,0";"14,8";"78,0";"80,0";"78,0";"11,2";"11,4";"11,1";"946,4";"946,6";"946,4";"3,4";"145,0";"9,2";"";"0,0"
"25/09/2025";"0800";"14,9";"15,0";"14,8";"77,0";"78,0";"77,0";"10,8";"11,2";"10,8";"946,6";"946,6";"946,4";"3,6";"149,0";"10,3";"";"0,0"
"25/09/2025";"0900";"14,7";"14,9";"14,7";"77,0";"77,0";"76,0";"10,8";"10,8";"10,7";"946,7";"946,8";"946,6";"3,1";"148,0";"9,5";"";"0,0"
"25/09/2025";"1000";"15,0";"15,1";"14,7";"76,0";"77,0";"76,0";"10,9";"10,9";"10,7";"947,3";"947,3";"946,7";"3,0";"151,0";"9,1";"53,30";"0,0"
"25/09/2025";"1100";"16,4";"16,4";"15,0";"70,0";"76,0";"70,0";"10,9";"11,1";"10,8";"948,0";"948,0";"947,3";"3,4";"147,0";"11,2";"514,40";"0,0"
"25/09/2025";"1200";"17,7";"17,7";"16,1";"65,0";"71,0";"65,0";"10,9";"11,2";"10,6";"948,6";"948,6";"947,9";"3,1";"151,0";"9,7";"820,70";"0,0"
"25/09/2025";"1300";"19,6";"19,8";"17,2";"57,0";"66,0";"56,0";"10,9";"11,5";"10,7";"948,6";"948,8";"948,5";"4,2";"139,0";"9,7";"1252,20";"0,0"
"25/09/2025";"1400";"22,5";"22,8";"19,6";"48,0";"57,0";"48,0";"11,0";"11,8";"10,6";"948,3";"948,6";"948,2";"4,3";"123,0";"9,7";"2825,60";"0,0"
"25/09/2025";"1500";"24,0";"25,0";"22,4";"46,0";"50,0";"43,0";"11,7";"11,8";"10,8";"948,0";"948,3";"947,9";"3,7";"131,0";"9,5";"2701,80";"0,0"
"25/09/2025";"1600";"26,2";"26,2";"23,2";"40,0";"48,0";"40,0";"11,6";"12,0";"10,9";"947,1";"948,0";"947,1";"3,2";"127,0";"8,5";"3438,90";"0,0"
"25/09/2025";"1700";"25,2";"26,4";"24,6";"41,0";"43,0";"39,0";"11,1";"11,7";"10,7";"946,2";"947,1";"946,2";"3,6";"109,0";"8,5";"3358,40";"0,0"
"25/09/2025";"1800";"26,3";"26,5";"25,1";"40,0";"42,0";"38,0";"11,5";"11,7";"10,8";"945,4";"946,2";"945,4";"2,7";"123,0";"8,5";"3007,60";"0,0"
"25/09/2025";"1900";"26,2";"27,1";"25,0";"39,0";"42,0";"38,0";"11,3";"11,8";"11,0";"945,1";"945,4";"945,1";"2,7";"141,0";"9,0";"2131,80";"0,0"
"25/09/2025";"2000";"24,9";"26,3";"24,9";"42,0";"42,0";"39,0";"11,1";"11,5";"11,1";"944,7";"945,1";"944,6";"3,0";"138,0";"8,0";"1605,40";"0,0"
"25/09/2025";"2100";"23,2";"24,9";"23,2";"47,0";"47,0";"42,0";"11,3";"11,4";"11,1";"945,1";"945,1";"944,7";"3,5";"143,0";"9,6";"461,00";"0,0"
"25/09/2025";"2200";"20,0";"23,2";"20,0";"56,0";"56,0";"47,0";"10,9";"11,4";"10,9";"946,0";"946,1";"945,1";"3,5";"152,0";"11,0";"32,20";"0,0"
"25/09/2025";"2300";"17,6";"20,0";"17,6";"65,0";"65,0";"56,0";"10,8";"11,0";"10,8";"947,1";"947,1";"946,1";"3,7";"145,0";"12,0";"";"0,0"
"26/09/2025";"0000";"16,8";"17,6";"16,8";"65,0";"66,0";"64,0";"10,2";"10,8";"10,2";"947,5";"947,6";"947,0";"4,2";"153,0";"12,0";"";"0,0"
"26/09/2025";"0100";"15,9";"16,8";"15,9";"65,0";"66,0";"64,0";"9,3";"10,2";"9,3";"947,3";"947,6";"947,3";"3,4";"146,0";"11,8";"";"0,0"
"26/09/2025";"0200";"15,2";"16,0";"15,2";"67,0";"67,0";"65,0";"9,1";"9,3";"9,1";"947,2";"947,4";"947,1";"2,7";"156,0";"11,8";"";"0,0"
"26/09/2025";"0300";"15,0";"15,3";"14,9";"68,0";"69,0";"67,0";"9,2";"9,2";"9,0";"947,4";"947,5";"947,1";"3,3";"159,0";"11,3";"";"0,0"
"26/09/2025";"0400";"14,2";"15,0";"14,2";"73,0";"73,0";"68,0";"9,4";"9,4";"9,2";"947,3";"947,5";"947,3";"2,8";"170,0";"9,5";"";"0,0"
"26/09/2025";"0500";"13,7";"14,2";"13,7";"78,0";"78,0";"73,0";"9,9";"9,9";"9,4";"947,2";"947,5";"947,1";"3,1";"166,0";"10,9";"";"0,0"
"26/09/2025";"0600";"13,8";"13,9";"13,5";"77,0";"78,0";"76,0";"9,7";"9,9";"9,7";"946,3";"947,2";"946,3";"3,4";"161,0";"11,6";"";"0,0"
"26/09/2025";"0700";"13,5";"13,9";"13,5";"78,0";"78,0";"76,0";"9,7";"9,7";"9,6";"946,1";"946,4";"946,0";"2,6";"133,0";"11,6";"";"0,0"
"26/09/2025";"0800";"13,6";"13,8";"13,5";"77,0";"78,0";"76,0";"9,6";"9,7";"9,6";"945,7";"946,1";"945,7";"4,1";"134,0";"11,7";"";"0,0"
"26/09/2025";"0900";"13,6";"13,7";"13,5";"77,0";"77,0";"76,0";"9,6";"9,7";"9,6";"946,0";"946,0";"945,6";"4,1";"129,0";"11,2";"";"0,0"
"26/09/2025";"1000";"14,1";"14,1";"13,4";"74,0";"78,0";"74,0";"9,6";"9,7";"9,6";"946,2";"946,3";"946,0";"3,4";"127,0";"10,3";"79,60";"0,0"
"26/09/2025";"1100";"15,8";"15,9";"14,2";"66,0";"74,0";"66,0";"9,4";"9,8";"9,4";"946,8";"946,8";"946,2";"4,8";"132,0";"12,0";"793,60";"0,0"
"26/09/2025";"1200";"18,3";"18,3";"15,7";"56,0";"67,0";"56,0";"9,4";"9,8";"9,3";"947,1";"947,2";"946,7";"4,4";"111,0";"12,0";"1703,50";"0,0"
"26/09/2025";"1300";"20,0";"20,3";"17,7";"49,0";"58,0";"49,0";"9,0";"9,5";"8,8";"947,1";"947,2";"947,0";"4,9";"114,0";"10,9";"2477,00";"0,0"
"26/09/2025";"1400";"23,0";"23,1";"19,7";"40,0";"50,0";"40,0";"8,7";"9,7";"8,6";"946,6";"947,1";"946,6";"4,0";"116,0";"10,6";"3086,20";"0,0"
"26/09/2025";"1500";"23,3";"24,6";"21,8";"39,0";"43,0";"37,0";"8,6";"9,4";"8,3";"946,0";"946,6";"946,0";"4,1";"118,0";"9,8";"3435,50";"0,0"
"26/09/2025";"1600";"24,8";"26,4";"23,2";"36,0";"40,0";"33,0";"8,5";"9,3";"8,5";"945,0";"945,9";"945,0";"3,2";"109,0";"9,0";"3525,70";"0,0"
"26/09/2025";"1700";"26,0";"26,9";"24,4";"34,0";"37,0";"32,0";"8,9";"9,4";"8,4";"943,7";"945,0";"943,7";"3,2";"119,0";"7,8";"3392,60";"0,0"
"26/09/2025";"1800";"26,8";"26,8";"25,2";"32,0";"35,0";"32,0";"8,9";"9,2";"8,4";"942,6";"943,7";"942,6";"2,3";"77,0";"7,1";"2819,30";"0,0"
"26/09/2025";"1900";"26,9";"27,8";"25,5";"31,0";"34,0";"30,0";"8,5";"9,1";"8,1";"941,9";"942,7";"941,9";"1,7";"107,0";"6,5";"2048,90";"0,0"
"26/09/2025";"2000";"26,6";"27,0";"26,0";"31,0";"32,0";"30,0";"8,1";"8,6";"7,9";"941,6";"942,0";"941,6";"2,4";"107,0";"5,9";"1356,80";"0,0"
"26/09/2025";"2100";"25,0";"26,6";"25,0";"34,0";"34,0";"31,0";"8,1";"8,3";"7,6";"941,7";"941,7";"941,6";"2,2";"129,0";"5,9";"437,50";"0,0"
"26/09/2025";"2200";"23,7";"25,0";"23,6";"37,0";"37,0";"34,0";"8,2";"8,3";"8,0";"941,8";"941,9";"941,7";"1,8";"124,0";"5,1";"27,60";"0,0"
"26/09/2025";"2300";"22,0";"23,8";"22,0";"42,0";"42,0";"37,0";"8,5";"8,5";"8,2";"942,1";"942,1";"941,8";"1,7";"150,0";"5,9";"";"0,0"
"27/09/2025";"0000";"19,7";"22,0";"19,6";"50,0";"50,0";"42,0";"9,0";"9,1";"8,6";"942,7";"942,7";"942,1";"2,5";"158,0";"8,9";"";"0,0"
"27/09/2025";"0100";"17,6";"19,7";"17,6";"57,0";"57,0";"50,0";"9,1";"9,1";"9,0";"942,9";"943,0";"942,7";"2,3";"159,0";"8,9";"";"0,0"
"27/09/2025";"0200";"16,0";"17,6";"16,0";"64,0";"64,0";"57,0";"9,3";"9,3";"9,1";"943,1";"943,1";"942,8";"2,9";"151,0";"7,8";"";"0,0"
"27/09/2025";"0300";"15,0";"16,0";"15,0";"68,0";"68,0";"64,0";"9,2";"9,4";"9,2";"943,1";"943,2";"943,1";"3,1";"145,0";"9,4";"";"0,0"
"27/09/2025";"0400";"14,4";"15,1";"14,3";"70,0";"70,0";"68,0";"8,9";"9,2";"8,9";"942,9";"943,2";"942,9";"3,5";"146,0";"8,9";"";"0,0"
"27/09/2025";"0500";"13,7";"14,4";"13,7";"72,0";"72,0";"69,0";"8,7";"8,9";"8,7";"942,9";"943,0";"942,8";"3,4";"138,0";"9,0";"";"0,0"
"27/09/2025";"0600";"13,4";"13,9";"13,3";"73,0";"73,0";"71,0";"8,7";"8,7";"8,6";"942,5";"942,9";"942,4";"3,6";"136,0";"8,6";"";"0,0"
"27/09/2025";"0700";"13,4";"13,7";"13,3";"73,0";"74,0";"71,0";"8,8";"8,8";"8,6";"942,2";"942,5";"942,2";"3,9";"142,0";"11,4";"";"0,0"
"27/09/2025";"0800";"13,1";"13,4";"12,9";"76,0";"77,0";"73,0";"8,9";"9,0";"8,7";"942,5";"942,5";"942,2";"4,2";"128,0";"9,6";"";"0,0"
"27/09/2025";"0900";"12,9";"13,1";"12,8";"78,0";"78,0";"76,0";"9,2";"9,2";"8,9";"943,0";"943,1";"942,4";"4,2";"122,0";"9,8";"";"0,0"
"27/09/2025";"1000";"13,5";"13,5";"12,7";"76,0";"79,0";"76,0";"9,3";"9,3";"9,1";"944,0";"944,0";"943,0";"3,0";"125,0";"9,1";"80,70";"0,0"
"27/09/2025";"1100";"15,8";"15,8";"13,5";"65,0";"76,0";"65,0";"9,3";"9,5";"9,2";"944,9";"945,0";"944,0";"3,0";"122,0";"6,6";"777,30";"0,0"
"27/09/2025";"1200";"19,2";"19,2";"15,6";"52,0";"66,0";"52,0";"9,2";"9,6";"9,1";"945,3";"945,3";"944,9";"4,2";"118,0";"7,6";"1673,10";"0,0"
"27/09/2025";"1300";"22,3";"22,7";"19,1";"43,0";"53,0";"42,0";"9,2";"9,8";"8,9";"945,2";"945,4";"945,2";"3,6";"88,0";"8,9";"2455,10";"0,0"
"27/09/2025";"1400";"24,0";"24,7";"22,3";"39,0";"43,0";"37,0";"9,2";"9,5";"8,9";"944,6";"945,3";"944,6";"3,3";"71,0";"7,8";"3071,10";"0,0"
"27/09/2025";"1500";"26,4";"26,8";"24,0";"33,0";"39,0";"32,0";"8,8";"9,4";"8,6";"943,9";"944,6";"943,9";"2,9";"63,0";"7,9";"3428,80";"0,0"
"27/09/2025";"1600";"28,7";"28,7";"26,1";"30,0";"34,0";"29,0";"9,4";"9,5";"8,6";"943,1";"943,9";"943,0";"2,4";"23,0";"7,4";"3526,50";"0,0"
"27/09/2025";"1700";"29,1";"29,6";"27,6";"28,0";"31,0";"28,0";"8,8";"9,9";"8,4";"942,1";"943,1";"942,0";"2,3";"28,0";"6,1";"3382,60";"0,0"
"27/09/2025";"1800";"30,0";"30,3";"28,9";"27,0";"28,0";"26,0";"8,8";"9,2";"7,9";"941,0";"942,0";"941,0";"2,3";"70,0";"6,6";"2956,20";"0,0"
"27/09/2025";"1900";"30,6";"31,0";"29,5";"22,0";"27,0";"22,0";"6,7";"8,7";"6,3";"940,3";"941,0";"940,2";"1,2";"39,0";"4,8";"2300,50";"0,0"
"27/09/2025";"2000";"30,2";"30,7";"29,7";"23,0";"24,0";"22,0";"6,5";"7,1";"6,2";"940,2";"940,3";"940,1";"1,1";"51,0";"4,0";"1449,50";"0,0"
"27/09/2025";"2100";"28,7";"30,2";"28,7";"25,0";"25,0";"22,0";"6,5";"6,7";"6,0";"940,2";"940,3";"940,1";"1,1";"34,0";"2,8";"479,80";"0,0"
"27/09/2025";"2200";"26,5";"28,7";"26,5";"29,0";"29,0";"25,0";"6,9";"6,9";"6,4";"940,6";"940,7";"940,2";"1,0";"42,0";"2,6";"28,60";"0,0"
"27/09/2025";"2300";"24,7";"26,5";"24,7";"33,0";"33,0";"29,0";"7,2";"7,6";"7,0";"941,0";"941,0";"940,6";"0,4";"46,0";"1,8";"";"0,0"
"28/09/2025";"0000";"25,4";"25,8";"24,6";"30,0";"33,0";"29,0";"6,6";"7,2";"6,4";"941,3";"941,3";"940,9";"0,8";"66,0";"1,8";"";"0,0"
"28/09/2025";"0100";"24,4";"25,6";"24,3";"33,0";"33,0";"29,0";"7,2";"7,2";"6,1";"941,5";"941,5";"941,3";"0,8";"100,0";"2,9";"";"0,0"
"28/09/2025";"0200";"24,2";"24,9";"24,2";"35,0";"35,0";"32,0";"7,9";"7,9";"7,1";"941,9";"942,0";"941,5";"2,1";"96,0";"3,8";"";"0,0"
"28/09/2025";"0300";"23,3";"24,2";"23,3";"38,0";"38,0";"35,0";"8,2";"8,3";"7,9";"941,4";"941,9";"941,4";"2,5";"90,0";"5,5";"";"0,0"
"28/09/2025";"0400";"21,7";"23,4";"21,5";"43,0";"43,0";"38,0";"8,4";"8,4";"8,2";"941,2";"941,5";"941,2";"1,8";"102,0";"6,0";"";"0,0"
"28/09/2025";"0500";"20,3";"21,7";"20,3";"47,0";"47,0";"43,0";"8,7";"8,7";"8,4";"940,7";"941,2";"940,6";"1,9";"103,0";"6,2";"";"0,0"
"28/09/2025";"0600";"20,4";"20,4";"19,7";"48,0";"51,0";"47,0";"9,0";"9,3";"8,7";"940,1";"940,7";"940,1";"2,5";"85,0";"6,2";"";"0,0"
"28/09/2025";"0700";"20,7";"21,1";"20,3";"46,0";"48,0";"45,0";"8,5";"8,9";"8,5";"939,7";"940,1";"939,6";"4,1";"85,0";"8,4";"";"0,0"
"28/09/2025";"0800";"20,8";"21,3";"20,6";"44,0";"46,0";"43,0";"8,2";"8,5";"8,1";"939,4";"939,7";"939,3";"3,7";"77,0";"9,7";"";"0,0"
"28/09/2025";"0900";"20,9";"21,2";"20,8";"44,0";"45,0";"43,0";"8,1";"8,3";"8,0";"939,3";"939,5";"939,2";"4,6";"67,0";"9,4";"";"0,0"
"28/09/2025";"1000";"21,0";"21,0";"20,7";"44,0";"45,0";"44,0";"8,2";"8,2";"8,1";"939,9";"939,9";"939,3";"4,4";"58,0";"10,4";"77,70";"0,0"
"28/09/2025";"1100";"22,5";"22,5";"20,9";"40,0";"44,0";"40,0";"8,3";"8,5";"8,2";"940,8";"940,8";"939,8";"4,0";"55,0";"10,9";"764,80";"0,0"
"28/09/2025";"1200";"23,5";"23,5";"22,3";"37,0";"40,0";"37,0";"8,0";"8,3";"8,0";"941,1";"941,3";"940,8";"3,9";"47,0";"10,9";"1155,40";"0,0"
"28/09/2025";"1300";"25,0";"25,0";"23,3";"35,0";"38,0";"35,0";"8,7";"8,7";"7,8";"941,6";"941,6";"941,1";"3,9";"31,0";"12,8";"1630,90";"0,0"
"28/09/2025";"1400";"27,5";"27,8";"24,3";"29,0";"36,0";"29,0";"7,9";"8,7";"7,8";"942,6";"942,6";"941,5";"2,2";"346,0";"9,2";"2674,20";"0,0"
"28/09/2025";"1500";"29,8";"30,0";"27,1";"25,0";"30,0";"24,0";"7,7";"8,3";"7,0";"941,7";"942,6";"941,7";"2,0";"13,0";"5,3";"3048,10";"0,0"
"28/09/2025";"1600";"31,0";"32,0";"29,8";"19,0";"25,0";"19,0";"5,0";"8,2";"4,9";"940,9";"941,7";"940,8";"3,1";"17,0";"7,6";"3263,20";"0,0"
"28/09/2025";"1700";"31,7";"32,1";"30,6";"20,0";"22,0";"20,0";"5,9";"6,8";"5,3";"940,3";"940,9";"940,3";"1,8";"304,0";"6,3";"2048,20";"0,0"
"28/09/2025";"1800";"32,1";"32,7";"31,0";"19,0";"21,0";"18,0";"5,5";"6,6";"5,2";"939,8";"940,3";"939,8";"2,7";"285,0";"7,8";"1671,50";"0,0"
"28/09/2025";"1900";"31,4";"32,4";"31,4";"20,0";"20,0";"18,0";"5,6";"5,8";"5,2";"939,4";"939,8";"939,4";"2,2";"317,0";"6,5";"1166,80";"0,0"
"28/09/2025";"2000";"31,1";"31,6";"31,1";"21,0";"21,0";"20,0";"6,2";"6,2";"5,4";"939,4";"939,5";"939,3";"1,3";"305,0";"5,9";"731,70";"0,0"
"28/09/2025";"2100";"28,8";"31,2";"28,8";"30,0";"30,0";"21,0";"9,8";"9,8";"6,1";"939,6";"939,7";"939,3";"1,4";"168,0";"4,1";"334,30";"0,0"
"28/09/2025";"2200";"25,9";"28,8";"25,9";"38,0";"38,0";"31,0";"10,6";"10,6";"9,8";"939,8";"939,8";"939,5";"1,1";"150,0";"4,1";"19,80";"0,0"
"28/09/2025";"2300";"25,1";"25,9";"25,1";"39,0";"39,0";"37,0";"10,2";"10,6";"10,1";"940,2";"940,2";"939,8";"1,3";"155,0";"3,9";"";"0,0"
"29/09/2025";"0000";"24,1";"25,1";"24,0";"42,0";"42,0";"39,0";"10,3";"10,5";"10,2";"940,7";"940,7";"940,2";"1,0";"163,0";"3,7";"";"0,0"
"29/09/2025";"0100";"23,2";"24,2";"23,0";"45,0";"46,0";"41,0";"10,7";"10,8";"10,2";"940,8";"940,9";"940,7";"1,1";"143,0";"3,2";"";"0,0"
"29/09/2025";"0200";"22,3";"23,3";"22,1";"48,0";"49,0";"45,0";"10,9";"11,0";"10,6";"940,9";"941,0";"940,8";"0,6";"166,0";"2,6";"";"0,0"
"29/09/2025";"0300";"22,0";"22,6";"21,7";"50,0";"51,0";"47,0";"11,0";"11,1";"10,7";"940,8";"940,9";"940,8";"0,9";"164,0";"2,5";"";"0,0"
"29/09/2025";"0400";"22,0";"22,9";"21,9";"50,0";"50,0";"46,0";"11,1";"11,1";"10,8";"940,4";"940,9";"940,3";"0,9";"151,0";"3,0";"";"0,0"
"29/09/2025";"0500";"22,4";"22,7";"21,7";"48,0";"51,0";"47,0";"10,7";"11,1";"10,6";"940,1";"940,5";"940,1";"1,3";"137,0";"3,6";"";"0,0"
"29/09/2025";"0600";"22,8";"23,1";"22,0";"46,0";"49,0";"45,0";"10,4";"10,9";"10,3";"939,9";"940,1";"939,9";"1,1";"127,0";"3,2";"";"0,0"
"29/09/2025";"0700";"23,1";"23,4";"22,6";"44,0";"46,0";"43,0";"10,2";"10,5";"10,1";"939,6";"939,9";"939,6";"1,9";"113,0";"3,4";"";"0,0"
"29/09/2025";"0800";"22,8";"23,2";"22,6";"45,0";"46,0";"44,0";"10,2";"10,4";"10,2";"940,0";"940,0";"939,6";"1,7";"126,0";"4,0";"";"0,0"
"29/09/2025";"0900";"22,9";"23,2";"22,7";"44,0";"45,0";"43,0";"10,0";"10,2";"10,0";"940,7";"940,7";"940,0";"1,9";"129,0";"5,2";"";"0,0"
"29/09/2025";"1000";"22,9";"23,0";"22,3";"46,0";"47,0";"44,0";"10,6";"10,6";"10,0";"941,3";"941,4";"940,7";"2,5";"105,0";"5,8";"68,70";"0,0"
"29/09/2025";"1100";"24,3";"24,3";"22,9";"42,0";"46,0";"41,0";"10,5";"10,7";"10,3";"942,0";"942,1";"941,3";"2,4";"89,0";"5,8";"410,60";"0,0"
"29/09/2025";"1200";"27,1";"27,3";"24,4";"33,0";"43,0";"33,0";"9,6";"10,8";"9,6";"942,5";"942,5";"942,1";"2,4";"111,0";"6,2";"1500,50";"0,0"
"29/09/2025";"1300";"29,3";"29,5";"27,0";"28,0";"34,0";"28,0";"8,9";"10,1";"8,4";"942,6";"942,7";"942,5";"3,8";"98,0";"7,4";"2251,40";"0,0"
"29/09/2025";"1400";"30,9";"32,0";"29,1";"23,0";"28,0";"21,0";"7,1";"9,3";"6,9";"942,4";"942,8";"942,4";"2,8";"73,0";"7,4";"2711,50";"0,0"
"29/09/2025";"1500";"32,7";"33,3";"30,9";"20,0";"23,0";"19,0";"6,7";"7,4";"6,3";"942,0";"942,5";"942,0";"2,4";"52,0";"6,5";"3281,40";"0,0"
"29/09/2025";"1600";"33,8";"34,5";"32,2";"19,0";"20,0";"18,0";"6,7";"7,1";"6,2";"941,0";"942,0";"941,0";"2,2";"69,0";"4,9";"3407,90";"0,0"
"29/09/2025";"1700";"35,4";"36,0";"33,0";"17,0";"19,0";"15,0";"6,2";"6,9";"5,3";"940,0";"941,0";"940,0";"2,3";"297,0";"6,3";"3168,50";"0,0"
"29/09/2025";"1800";"33,9";"35,5";"33,4";"18,0";"19,0";"16,0";"6,3";"6,9";"5,6";"939,3";"940,0";"939,2";"1,4";"26,0";"6,3";"2452,70";"0,0"
"29/09/2025";"1900";"33,7";"35,4";"33,2";"19,0";"19,0";"16,0";"6,6";"6,8";"6,0";"939,0";"939,3";"938,9";"0,9";"260,0";"4,5";"1439,50";"0,0"
"29/09/2025";"2000";"34,3";"34,7";"33,0";"18,0";"20,0";"17,0";"6,3";"7,2";"6,1";"939,0";"939,1";"938,9";"1,0";"311,0";"3,0";"945,80";"0,0"
"29/09/2025";"2100";"32,8";"34,4";"32,8";"19,0";"20,0";"17,0";"6,2";"7,3";"6,0";"939,0";"939,1";"938,9";"1,1";"105,0";"2,8";"453,30";"0,0"
"29/09/2025";"2200";"30,7";"32,8";"30,2";"23,0";"24,0";"19,0";"7,2";"7,7";"6,1";"939,4";"939,4";"939,0";"0,9";"59,0";"2,1";"20,00";"0,0"
"29/09/2025";"2300";"30,5";"31,0";"30,3";"22,0";"24,0";"22,0";"6,6";"7,2";"6,6";"939,9";"939,9";"939,4";"1,1";"72,0";"3,4";"";"0,0"
"30/09/2025";"0000";"30,1";"30,7";"30,0";"22,0";"23,0";"22,0";"6,3";"6,6";"6,2";"940,5";"940,5";"939,9";"1,6";"41,0";"4,1";"";"0,0"
"30/09/2025";"0100";"29,7";"30,3";"29,7";"22,0";"23,0";"22,0";"5,9";"6,3";"5,9";"941,0";"941,0";"940,5";"1,8";"42,0";"4,4";"";"0,0"
"30/09/2025";"0200";"28,8";"29,7";"28,8";"24,0";"24,0";"22,0";"6,1";"6,2";"5,9";"941,1";"941,1";"940,9";"1,2";"52,0";"3,8";"";"0,0"
"30/09/2025";"0300";"28,9";"29,0";"28,6";"23,0";"24,0";"23,0";"5,7";"6,1";"5,7";"941,0";"941,2";"941,0";"1,4";"39,0";"3,2";"";"0,0"
"30/09/2025";"0400";"26,4";"29,0";"26,4";"29,0";"29,0";"23,0";"7,1";"7,1";"5,7";"941,4";"941,5";"941,0";"2,0";"124,0";"6,2";"";"0,0"
"30/09/2025";"0500";"25,1";"26,8";"25,1";"40,0";"40,0";"28,0";"10,7";"10,7";"6,9";"941,4";"941,5";"941,4";"2,2";"112,0";"6,2";"";"0,0"
"30/09/2025";"0600";"24,0";"25,1";"24,0";"47,0";"47,0";"40,0";"12,0";"12,0";"10,7";"941,0";"941,4";"941,0";"2,6";"92,0";"5,9";"";"0,0"
"30/09/2025";"0700";"23,4";"24,2";"23,4";"49,0";"49,0";"47,0";"12,1";"12,3";"12,0";"940,7";"941,0";"940,6";"2,6";"113,0";"6,7";"";"0,0"
"30/09/2025";"0800";"22,9";"23,4";"22,8";"51,0";"52,0";"49,0";"12,1";"12,3";"12,1";"940,8";"940,8";"940,5";"2,5";"112,0";"6,0";"";"0,0"
"30/09/2025";"0900";"22,4";"23,0";"22,2";"52,0";"53,0";"50,0";"12,0";"12,3";"12,0";"940,7";"940,8";"940,7";"2,4";"99,0";"6,1";"";"0,0"
"30/09/2025";"1000";"23,4";"23,4";"22,1";"46,0";"53,0";"46,0";"11,1";"12,0";"11,1";"940,7";"940,8";"940,5";"2,3";"81,0";"5,1";"81,90";"0,0"
"30/09/2025";"1100";"26,4";"26,5";"23,4";"33,0";"46,0";"33,0";"8,9";"11,0";"8,9";"941,1";"941,1";"940,6";"3,2";"66,0";"7,3";"711,30";"0,0"
"30/09/2025";"1200";"28,6";"28,6";"26,3";"29,0";"34,0";"29,0";"8,9";"9,3";"8,1";"941,0";"941,5";"940,9";"3,7";"60,0";"8,5";"1580,40";"0,0"
"30/09/2025";"1300";"";"";"";"";"";"";"";"";"";"";"";"";"";"";"";"";""
"30/09/2025";"1400";"";"";"";"";"";"";"";"";"";"";"";"";"";"";"";"";""
"30/09/2025";"1500";"";"";"";"";"";"";"";"";"";"";"";"";"";"";"";"";""
"30/09/2025";"1600";"";"";"";"";"";"";"";"";"";"";"";"";"";"";"";"";""
"30/09/2025";"1700";"";"";"";"";"";"";"";"";"";"";"";"";"";"";"";"";""
"30/09/2025";"1800";"";"";"";"";"";"";"";"";"";"";"";"";"";"";"";"";""
"30/09/2025";"1900";"";"";"";"";"";"";"";"";"";"";"";"";"";"";"";"";""
"30/09/2025";"2000";"";"";"";"";"";"";"";"";"";"";"";"";"";"";"";"";""
"30/09/2025";"2100";"";"";"";"";"";"";"";"";"";"";"";"";"";"";"";"";""
"30/09/2025";"2200";"";"";"";"";"";"";"";"";"";"";"";"";"";"";"";"";""
"30/09/2025";"2300";"";"";"";"";"";"";"";"";"";"";"";"";"";"";"";"";""